popularity,title,poster_path
261.465,"The Old Guard",/cjr4NWURcVN3gW5FlHeabgBHLrY.jpg
219.658,Greyhound,/kjMbDciooTbJPofVXgAoFjfX8Of.jpg
88.735,"Ad Astra",/xBHvZcjRiWyobQ9kxBhO6B2dtRI.jpg
95.296,"Fatal Affair",/f4EAJ6PXNbxBb2xrdTrT2SlJlCH.jpg
96.815,Joker,/udDclJoHjfjb8Ekgsd4FDteOkCU.jpg
80.519,"Birds of Prey (and the Fantabulous Emancipation of One Harley Quinn)",/h4VB6m0RwcicVEZvzftYZyKXs6K.jpg
99.392,Interstellar,/gEU2QniE6E77NI6lCU6MxlNBvIx.jpg
84.892,"Father Soldier Son",/7AIU4rH3ExBHQg92UHYxFYxP82M.jpg
82.326,"Avengers: Infinity War",/7WsyChQLEftFiDOVTGkv3hFpyyt.jpg
83.375,Parasite,/7IiTTgloJzvGI1TAYymCfbfl3vT.jpg
86.852,"Palm Springs",/yf5IuMW6GHghu39kxA0oFx7Bxmj.jpg
83.15,Inception,/9gk7adHYeDvHkCSEqAvQNLV5Uge.jpg
84.465,"Sonic the Hedgehog",/aQvJ5WPzZgYVDrxLX4R6cLJCEaQ.jpg
73.2,"Superagente Makey",/27eA9xGba61LtKr7gJRnhtDDgEP.jpg
69.039,"Star Wars: The Rise of Skywalker",/db32LaOibwEliAmSL2jjDF6oDdj.jpg
78.872,Archive,/eDnHgozW8vfOaLHzfpHluf1GZCW.jpg
78.552,Peninsula,/7S9RvfMBWSTlUZ4VbxDY7oLeenk.jpg
76.496,"Star Wars",/6FfCtAuVAW8XJjZ7eWeLibRLWTw.jpg
77.328,"The Outpost",/hPkqY2EMqWUnFEoedukilIUieVG.jpg
71.531,Invasion,/rpqfpSglhDpwihzsLaoketuYKbd.jpg
75.548,"The Invisible Man",/5EufsDwXdY2CVttYOk2WtYhgKpa.jpg
81.621,"The Lion King",/dzBtMocZuJbjLOXvrl4zGYigDzh.jpg
93.058,Scoob!,/jHo2M1OiH9Re33jYtUQdfzPeUkx.jpg
69.777,"Ghosts of War",/jBeL6pPUPo0wnyTmiuxPegcibPf.jpg
60.848,Maleficent,/ik8PugpL41s137RAWEGTAWu0dPo.jpg
62.844,"Spider-Man: Far from Home",/4q2NNj4S5dG2RLF9CpXsej7yXl.jpg
66.964,"Frozen II",/pjeMs3yqRmFL3giJy4PMXWZTTPa.jpg
57.245,Relic,/3wZ0gxLqsPleneFSTZILmM3BE8Q.jpg
59.578,"Terminator: Dark Fate",/vqzNJRH4YyquRiWxCCOH0aXggHI.jpg
58.724,"Inside Out",/lRHE0vzf3oYJrhbsHXjIkF4Tl5A.jpg
55.551,"My Neighbor Totoro",/rtGDOeG9LzoerkDGZF9dnVeLppL.jpg
49.417,"Blade Runner 2049",/gajva2L0rPYkEWjzgFlBXCAVBE5.jpg
59.667,Bloodshot,/8WUVHemHFH2ZIP6NWkwlHWsyrEL.jpg
37.745,"Kong: Skull Island",/r2517Vz9EhDhj88qwbDVj8DCRZN.jpg
62.429,"Artemis Fowl",/tI8ocADh22GtQFV28vGHaBZVb0U.jpg
62.192,Onward,/f4aul3FyD3jv3v4bul1IrkWZvzq.jpg
49.449,Extraction,/wlfDxbGEsW58vGhFljKkcR5IxDj.jpg
61.425,"Harry Potter and the Chamber of Secrets",/sdEOH0992YZ0QSxgXNIGLq1ToUi.jpg
49.339,"Big Hero 6",/2mxS4wUimwlLmI1xp6QW6NSU361.jpg
59.495,"Avengers: Endgame",/or06FN3Dka5tukK1e9sl16pB3iy.jpg
54.395,"Knives Out",/pThyQovXQrw2m0s9x82twj48Jq4.jpg
53.718,"The Maze Runner",/ode14q7WtDugFDp78fo9lCsmay9.jpg
54.764,Frozen,/kgwjIb2JDHRhNk13lmSxiClFjVk.jpg
54.023,"The Hobbit: The Battle of the Five Armies",/xT98tLqatZPQApyRmlPL12LtiWp.jpg
47.982,"Spider-Man: Into the Spider-Verse",/iiZZdoQBEYBv6id8su7ImL0oCbD.jpg
57.992,"Bad Boys for Life",/y95lQLnuNKdPAzw9F9Ab8kJ80c3.jpg
50.23,Brave,/fg57nIBn2xQw8JZKIX6AzMa3pEp.jpg
58.129,"The Dark Knight",/qJ2tW6WMUDux911r6m7haRef0WH.jpg
57.041,"The Gentlemen",/jtrhTYB7xSrJxR1vusu99nvnZ1g.jpg
56.453,"The Lord of the Rings: The Fellowship of the Ring",/6oom5QYQ2yQTMJIbnvbkBL9cHo6.jpg
54.089,"The Fifth Element",/fPtlCO1yQtnoLHOwKtWz7db6RGU.jpg
46.434,"The Matrix",/f89U3ADr1oiB1s9GkdPOEpXUk5H.jpg
58.276,"Harry Potter and the Philosopher's Stone",/wuMc08IPKEatf9rnMNXvIDxqP4W.jpg
46.543,"Dolemite Is My Name",/uoAqJg7ZSmftnBGOkupU1ySZQU0.jpg
53.499,MILF,/bJGK2006L36f0Ybi7A4LfJpgiBb.jpg
52.695,"The Hunger Games: Mockingjay - Part 1",/4FAA18ZIja70d1Tu5hr5cj2q1sB.jpg
52.478,Zootopia,/hlK0e0wAQ3VLuJcsfIYPvb4JVud.jpg
53.675,Coma,/28y0JUa4b7OqcW5boIWY7TaDKVK.jpg
49.546,"Captain Marvel",/AtsgWhDnHTq68L0lLsUrCnM7TjG.jpg
53.376,"Spider-Man: Homecoming",/c24sv2weTHPsmDa7jEMN0m2P3RT.jpg
41.134,"John Wick: Chapter 3 - Parabellum",/ziEuG1essDuWuC5lpWUaw1uXY2O.jpg
53.096,1917,/iZf0KyrE25z1sage4SYFLCCrMi9.jpg
49.231,Hamilton,/h1B7tW0t399VDjAcWJh8m87469b.jpg
35.867,"Rambo: Last Blood",/kTQ3J8oTTKofAVLYnds2cHUz9KO.jpg
38.156,"Maleficent: Mistress of Evil",/vloNTScJ3w7jwNwtNGoG8DbTThv.jpg
49.616,"Forrest Gump",/clolk7rB5lAjs41SD0Vt6IXYLMm.jpg
56.862,"The Martian",/5BHuvQ6p9kfc091Z8RiFNhCwL4b.jpg
42.418,"Ant-Man and the Wasp",/eivQmS3wqzqnQWILHLc4FsEfcXP.jpg
37.074,"Alita: Battle Angel",/xRWht48C2V8XNfzvPehyClOvDni.jpg
40.453,"Pirates of the Caribbean: The Curse of the Black Pearl",/z8onk7LV9Mmw6zKz4hT6pzzvmvl.jpg
48.871,"Harry Potter and the Deathly Hallows: Part 2",/da22ZBmrDOXOCDRvr8Gic8ldhv4.jpg
51.067,"Justice League",/eifGNCSDuxJeS1loAXil5bIGgvC.jpg
45.125,"Spies in Disguise",/30YacPAcxpNemhhwX0PVUl9pVA3.jpg
49.074,"Iron Man",/78lPtwv72eTNqFW9COBYI0dWDJa.jpg
29.611,"Hell or High Water",/ljRRxqy2aXIkIBXLmOVifcOR021.jpg
48.301,"Fast & Furious Presents: Hobbs & Shaw",/qRyy2UmjC5ur9bDi3kpNNRCc5nc.jpg
50.25,Se7en,/6yoghtyTpznpBik8EngEmJskVUO.jpg
52.133,"Teenage Mutant Ninja Turtles",/azL2ThbJMIkts3ZMt3j1YgBUeDB.jpg
39.11,"Fight Club",/wR5HZWdVpcXx9sevV1bQi7rP4op.jpg
42.816,"The Hunt",/wxPhn4ef1EAo5njxwBkAEVrlJJG.jpg
47.911,"Captain America: Civil War",/rAGiXaUfPzY7CDEyNKUofk3Kw2e.jpg
45.795,"Despicable Me 2",/zhNirNChLkDv9YCEStn857h7BoI.jpg
58.351,"The Shawshank Redemption",/5KCVkau1HEl7ZzfPsKAPM0sMiKc.jpg
46.604,"Spirited Away",/2TeJfUZMGolfDdW6DKhfIWqvq8y.jpg
42.236,"Dark Phoenix",/cCTJPelKGLhALq3r51A9uMonxKj.jpg
53.461,"Men in Black",/uLOmOF5IzWoyrgIF5MfUnh5pa1X.jpg
37.455,"Fifty Shades of Grey",/63kGofUkt1Mx0SIL4XI4Z5AoSgt.jpg
36.994,"The Lord of the Rings: The Two Towers",/5VTN0pR8gcqV3EPUHHfMGnJYN9L.jpg
42.089,"The Terminator",/qvktm0BHcnmDpul4Hz01GIazWPr.jpg
45.298,Deadpool,/yGSxMiF0cYuAiyuve5DA6bnWEOI.jpg
40.837,"The Lord of the Rings: The Return of the King",/rCzpDGLbOoPwLjy3OAm5NUPOTrC.jpg
38.872,"A Nice Girl Like You",/qVFfofTQCaoru8oiaOGW0G4YSwQ.jpg
46.813,"Back to the Future",/7lyBcpYB0Qt8gYhXYaEZUNlNQAv.jpg
47.071,"How to Train Your Dragon: The Hidden World",/xvx4Yhf0DVH8G4LzNISpMfFBDy2.jpg
42.055,"The Godfather",/iVZ3JAcAjmguGPnRNfWFOtLHOuY.jpg
41.643,"Pulp Fiction",/yAaf4ybTENKPicqzsAoW6Emxrag.jpg
44.2,"Black Panther",/uxzzxijgPIY7slzFvMotPv8wjKA.jpg
38.963,"Léon: The Professional",/jtNOfwZu3zea5grnqpq4nyqXoID.jpg
64.46,"The King of Staten Island",/zQFjMmE3K9AX5QrBL1SXIxYQ9jz.jpg
46.041,"Jack Whitehall: I'm Only Joking",/zF3khQrYWEwEr2VfS4gm7JlkICZ.jpg
46.105,"Harry Potter and the Order of the Phoenix",/g6n8G0xPnBVUIKKK41sNmbZB5h4.jpg
45.05,"I, Robot",/zDu0TsCZHPzDO0d0iG9QynKGr4J.jpg
27.537,"WWE Extreme Rules 2020",/uWhKFK16Un7EPOQ2KTS0f38aMLH.jpg
45.788,"The Kissing Booth",/7Dktk2ST6aL8h9Oe5rpk903VLhx.jpg
40.855,"Batman v Superman: Dawn of Justice",/5UsK3grJvtQrtzEgqNlDljJW96w.jpg
44.238,"Men in Black II",/enA22EPyzc2WQ1VVyY7zxresQQr.jpg
49.897,"Deadpool 2",/to0spRl1CMDvyUbOnbb4fTk3VAd.jpg
45.262,"Trolls World Tour",/7W0G3YECgDAfnuiHG91r8WqgIOe.jpg
37.17,"Terminator 2: Judgment Day",/5M0j0B18abtBI5gi2RhfjjurTqb.jpg
44.016,Beetlejuice,/nnl6OWkyPpuMm595hmAxNW3rZFn.jpg
48.997,"Journey to China: The Mystery of Iron Mask",/GAeK18hkfR6rzlo1vITvQhoEiW.jpg
46.658,"Thor: Ragnarok",/rzRwTcFvttcN1ZpX2xv4j3tSdJu.jpg
39.992,"The Devil Wears Prada",/u6QBDGUCOEMRekna95ip2MxplbQ.jpg
39.137,Spider-Man,/gh4cZbhZxyTbgxQPxD0dOudNPTn.jpg
40.517,"It Follows",/kdxZZ04HFh98ZZBiTZNWHMexsGZ.jpg
46.22,Underwater,/gzlbb3yeVISpQ3REd3Ga1scWGTU.jpg
38.727,"Howl's Moving Castle",/TkTPELv4kC3u1lkloush8skOjE.jpg
45.908,"Wonder Woman",/gfJGlDaHuWimErCr5Ql0I8x9QSy.jpg
38.287,"Harry Potter and the Deathly Hallows: Part 1",/iGoXIpQb7Pot00EEdwpwPajheZ5.jpg
38.761,"Gabriel's Inferno",/oyG9TL7FcRP4EZ9Vid6uKzwdndz.jpg
39.419,"American Beauty",/wby9315QzVKdW9BonAefg8jGTTb.jpg
26.545,"The Mummy Returns",/kRntm0s0uNixsu3djaS9Kk96zLu.jpg
42.134,"Friday the 13th",/4nbUlVEg31I8lchI3bu3Oq3Ks4t.jpg
31.656,"Ralph Breaks the Internet",/qEnH5meR381iMpmCumAIMswcQw2.jpg
34.765,"Man of Steel",/7rIPjn5TUK04O25ZkMyHrGNPgLx.jpg
54.805,Hustlers,/zBhv8rsLOfpFW2M5b6wW78Uoojs.jpg
44.147,"Guardians of the Galaxy Vol. 2",/y4MBh0EjBlMuOzv9axM4qJlmhzz.jpg
43.079,Gattaca,/7jzm9QpoV7XrsNDf8YQEYxOy2AT.jpg
40.322,"Princess Mononoke",/pdtzEreKvKAlqa2YEBaGwiA45V8.jpg
39.728,"La La Land",/uDO8zWDhfWwoFdKS4fzkUJt0Rf0.jpg
40.536,"Quantum of Solace",/aSBIBTM2mLYLilRBW6XWVitXAKo.jpg
38.696,Chappie,/18IydtBgq8aJZpbP6NxCAGjHhae.jpg
38.021,Ponyo,/yp8vEZflGynlEylxEesbYasc06i.jpg
41.124,"Pitch Perfect 2",/oFBQUufCV4c8WZoNhtGM17p884H.jpg
49.863,"Angel Has Fallen",/fapXd3v9qTcNBTm39ZC4KUVQDNf.jpg
37.638,"The Princess Diaries",/wA4lgl8gmoICSShviCkEB61nIBB.jpg
32.921,Infamous,/q2lkJf1TAjImTHCEO7XvbqPtnPb.jpg
42.775,"Doctor Strange",/gwi5kL7HEWAOTffiA14e4SbOGra.jpg
54.71,"The Mask",/yd3wjLLeQHJ3oRDy4wwiNNFVyLW.jpg
41.433,"Terminator Genisys",/oZRVDpNtmHk8M1VYy1aeOWUXgbC.jpg
38.632,"The Shining",/b6ko0IKC8MdYBBPkkA1aBPLe2yz.jpg
35.415,Resistance,/kPotrGRJf9Z5qYECXv7BjubyFRp.jpg
33.573,"True Lies",/9yOzwgGdVoRhDYSwVbhyhgNMoUi.jpg
42.108,"The Equalizer",/9u4yW7yPA0BQ2pv9XwiNzItwvp8.jpg
43.763,"Once Upon a Time… in Hollywood",/8j58iEBw9pOXFD2L0nt0ZXeHviB.jpg
34.143,"Close Encounters of the Third Kind",/kzD5ng3BvRUxW9vBfCkg61XjITR.jpg
47.605,"Jojo Rabbit",/7GsM4mtM0worCtIVeiQt28HieeN.jpg
28.739,"Die Hard",/aJCpHDC6RoGz7d1Fzayl019xnxX.jpg
41.21,"Ford v Ferrari",/6ApDtO7xaWAfPqfi2IARXIzj8QS.jpg
41.185,Alien,/vfrQk5IPloGg1v9Rzbh2Eg3VGyM.jpg
37.571,"Harry Potter and the Goblet of Fire",/fECBtHlr0RB3foNHDiCBXeg9Bv9.jpg
40.643,"Gone Girl",/tQf4DUygWo64AOuqgk4jEDCE3Ws.jpg
32.92,"The Irishman",/mbm8k3GFhXS0ROd9AD1gqYbIFbM.jpg
38.189,Shrek,/iB64vpL3dIObOtMZgX3RqdVdQDc.jpg
39.108,"Sin City: A Dame to Kill For",/50kALxDX4mmzIRljbNbPY0u4cie.jpg
46.044,"Ready Player One",/pU1ULUq8D3iRxl1fdX2lZIzdHuI.jpg
38.115,Grease,/czVhhAaSBFpakur7U8pOIDV9NUG.jpg
34.339,Hercules,/5X3VOy9lD44VclKsWTi8gHZGjhL.jpg
39.106,"Master and Commander: The Far Side of the World",/oL2YfVznSkKh6tGWR98j3hxSRZ5.jpg
35.253,Airplane!,/hiURvJjCgk0s10urHVCg80TFF11.jpg
42.201,"The Lorax",/sZI2FVYbosY7QKGho4BZiTpo1oQ.jpg
38.969,"Birdman or (The Unexpected Virtue of Ignorance)",/lvWL5ZRlYFh7M7fOvYswcRqyprI.jpg
41.258,"Doctor Sleep",/p69QzIBbN06aTYqRRiCOY1emNBh.jpg
40.902,"Get Out",/qbaIViX3tgWSTSFXbldq0ODMdi4.jpg
36.242,Avatar,/6EiRUJpuoeQPghrs3YNktfnqOVh.jpg
36.822,"Batman Begins",/8RW2runSEc34IwKN2D1aPcJd2UL.jpg
34.166,"Monty Python and the Holy Grail",/8AVb7tyxZRsbKJNOTJHQZl7JYWO.jpg
44.827,Venom,/2uNW4WbgBXL25BAbXGLnLqX71Sw.jpg
43.556,"Jumanji: The Next Level",/jyw8VKYEiM1UDzPB7NsisUgBeJ8.jpg
34.961,"Saving Private Ryan",/JC8KQ2BXaAIFEU8zEuakiwUQSr.jpg
45.996,Aladdin,/ykUEbfpkf8d0w49pHh0AD2KrT52.jpg
32.7,"Toy Story 3",/4cpGytCB0eqvRks4FAlJoUJiFPG.jpg
38.095,Fury,/tWQGX4Gjq4TleqrCmam5tpoCBoi.jpg
28.84,Coraline,/ytBaJAcaTvONnOBziIijzkMk64f.jpg
39.099,"Jurassic World: Fallen Kingdom",/c9XxwwhPHdaImA2f1WEfEsbhaFB.jpg
37.443,"Solo: A Star Wars Story",/4oD6VEccFkorEBTEDXtpLAaz0Rl.jpg
31.819,"Never Say Never Again",/xGF7Kcq4aRA8p69IN3rKMA4onDG.jpg
40.386,"The Silencing",/osoQHmiOMlk1v4sNyIMkO8RF4cJ.jpg
30.127,"A Quiet Place",/nAU74GmpUk7t5iklEp3bufwDq4n.jpg
31.719,"Night at the Museum: Secret of the Tomb",/ipZlg4EVo4kj2TjiR0hfSYdEzbd.jpg
39.137,"Godzilla: King of the Monsters",/pU3bnutJU91u3b4IeRPQTOP8jhV.jpg
37.364,"Ocean's Eight",/MvYpKlpFukTivnlBhizGbkAe3v.jpg
32.886,Cinderella,/ryKwNlAfDXu0do6SX9h4G9Si1kG.jpg
39.942,"The Call of the Wild",/33VdppGbeNxICrFUtW2WpGHvfYc.jpg
37.817,"Beauty and the Beast",/tWqifoYuwLETmmasnGHO7xBjEtt.jpg
41.959,Logan,/fnbjcRDYn6YviCcePDnGdyAkYsB.jpg
31.191,Scarface,/nGY6NnlDsWaRKAycWUgXanqLxia.jpg
36.271,Dolittle,/uoplwswBDy7gsOyrbGuKyPFoPCs.jpg
38.518,"Harry Potter and the Prisoner of Azkaban",/uDQibffYgssdiqx7izO57wdLc6.jpg
37.75,"Hidden Figures",/9lfz2W2uGjyow3am00rsPJ8iOyq.jpg
36.242,"El Camino: A Breaking Bad Movie",/ePXuKdXZuJx8hHMNr2yM4jY2L7Z.jpg
39.734,"Jurassic World",/rhr4y79GpxQF9IsfJItRXVaoGs4.jpg
37.87,"Blade Runner",/vfzE3pjE5G7G7kcZWrA3fnbZo7V.jpg
38.672,"Mirror Mirror",/pys6zIJN8Sxlk2Ss2GZuYuXPbtw.jpg
37.51,"Your Name.",/q719jXXEzOoYaps6babgKnONONX.jpg
38.717,"Red Shoes and the Seven Dwarfs",/MBiKqTsouYqAACLYNDadsjhhC0.jpg
43.204,"Avengers: Age of Ultron",/4ssDuvEDkSArWEdyBl2X5EHvYKU.jpg
35.288,"The Hobbit: An Unexpected Journey",/yHA9Fc37VmpUA5UncTxxo3rTGVA.jpg
36.14,Arrival,/x2FJsf1ElAgr63Y3PNPtJrcmpoe.jpg
37.08,Ratatouille,/npHNjldbeTHdKKw28bJKs7lzqzj.jpg
33.326,"Barbie and the Diamond Castle",/dvjFM3GgYm3gDZ6Ulw0JurDYs4r.jpg
34.899,Whiplash,/qq8xf2SQqHifUUyc0k6Hj1065f1.jpg
31.744,"Jupiter Ascending",/mb4zAOosaO9tHyH1n7g0634moK0.jpg
38.57,Lion,/iBGRbLvg6kVc7wbS8wDdVHq6otm.jpg
43.451,"Harry Potter and the Half-Blood Prince",/Ag21otqbeynZPGjEbzyr3X5Us0j.jpg
45.818,Shazam!,/xnopI5Xtky18MPhK40cZAGAOVeV.jpg
36.787,"Into the Woods",/k37bYqOUWMqhrfzmR8Mk9sy2jxH.jpg
37.942,Desperados,/hoUzSMxGu4Bm73EvH6B3iceFwW8.jpg
39.801,"Hunter Killer",/a0j18XNVhP4RcW3wXwsqT0kVoQm.jpg
43.474,Thor,/prSfAi1xGrhLQNxVSUFh61xQ4Qy.jpg
37.426,"Transformers: Age of Extinction",/54HFDOswRfShCr25Tvt7JaLiIaf.jpg
27.883,"Baby Driver",/rmnQ9jKW72bHu8uKlMjPIb2VLMI.jpg
36.103,Gladiator,/ofDw0himYNpehWA69OkPWOzXOYK.jpg
34.67,"Mission: Impossible - Fallout",/AkJQpZp9WoNdj7pLYSj1L0RcMMN.jpg
40.576,"Bruce Almighty",/3XJKBKh9Km89EoUEitVTSnrlAkZ.jpg
28.725,"Lost in Translation",/yDY1LLuMdWA0xO09ciVeDHHJWFr.jpg
26.43,"Call Me by Your Name",/tcNniniS4rfqrLH0oORikJfnIwY.jpg
38.353,"Monsters, Inc.",/sgheSKxZkttIe8ONsf2sWXPgip3.jpg
37.446,"Marriage Story",/pZekG6xabTmZxjmYw10wN84Hp8d.jpg
42.126,"The Dark Knight Rises",/85cWkCVftiVs0BVey6pxX8uNmLt.jpg
31.662,"Nausicaä of the Valley of the Wind",/sIpcATxMrKHRRUJAGI5UIUT7XMG.jpg
35.095,"Dial M for Murder",/4KKiFDvtEusJzqzlwHp7iMceXKS.jpg
27.832,"Edge of Tomorrow",/uUHvlkLavotfGsNtosDy8ShsIYF.jpg
29.471,"The Mummy",/yhIsVvcUm7QxzLfT6HW2wLf5ajY.jpg
31.567,"Reservoir Dogs",/AjTtJNumZyUDz33VtMlF1K8JPsE.jpg
33.001,"The Imitation Game",/zSqJ1qFq8NXFfi7JeIYMlzyR0dx.jpg
39.064,"2001: A Space Odyssey",/zmmYdPa8Lxx999Af9vnVP4XQ1V6.jpg
34.248,Pixels,/d26S5EfVXLNxRXqyFy1yyl3qRq3.jpg
31.785,Tomorrowland,/jNB2zXgLG8D98X1kYwERVlrW3Oa.jpg
35.699,"Ted 2",/38C91I7Xft0gyY7BITm8i4yvuRb.jpg
35.793,"Pirates of the Caribbean: Dead Man's Chest",/AdRQGfT05z6L9gIpUpkh4McMmpm.jpg
37.249,"Fantastic Beasts and Where to Find Them",/h6NYfVUyM6CDURtZSnBpz647Ldd.jpg
27.126,"The Turning",/uiMHiHp9eAjJty8rddoUnL9G5fU.jpg
32.376,"Finding Nemo",/xVNSgrsvpcAHPnyKf2phYxyppNZ.jpg
33.871,"The Lion King",/sKCr78MXSLixwmZ8DyJLrpMsd15.jpg
42.517,Goosebumps,/aeZT9pqEgrmXOGdESFkAuVjX6kw.jpg
36.573,"Battlefield 2025",/xb1j0DaMNEyWWDuCLB1ZctAmYjb.jpg
30.257,"Ice Age",/gLhHHZUzeseRXShoDyC4VqLgsNv.jpg
31.523,"The Platform",/8ZX18L5m6rH5viSYpRnTSbb9eXh.jpg
32.849,"Beauty and the Beast",/jfSq96XzABA2BxvZgIBHyf5Wzrv.jpg
47.802,"The Avengers",/RYMX2wcKCBAr24UyPD7xwmjaTn.jpg
39.948,"The Princess Diaries 2: Royal Engagement",/q4BAu7ksjFISEKMGmFjrxZK9cDg.jpg
26.996,"Tomorrow Never Dies",/3NJxMEgL2uYvdoC1YEDNdMym1vf.jpg
29.944,"Ice Age: Continental Drift",/dfp1BZF7FxbBUyzHvMOI9t8NWDD.jpg
33.222,"Survive the Night",/niyXFhGIk4W2WTcX2Eod8vx2Mfe.jpg
33.789,Titanic,/9xjZS2rlVxm8SFx8kPC3aIGCOYQ.jpg
31.689,"Eurovision Song Contest: The Story of Fire Saga",/9zrbgYyFvwH8sy5mv9eT25xsAzL.jpg
32.368,After,/u3B2YKUjWABcxXZ6Nm9h10hLUbh.jpg
37.227,"The Gods Must Be Crazy",/IgBfj5LfT7nwpodCZ34QCHp17x.jpg
34.776,"Spider-Man 3",/2jLxKF73SAPkyhIWrnv67IH7kJ1.jpg
35.769,"Pirates of the Caribbean: On Stranger Tides",/keGfSvCmYj7CvdRx36OdVrAEibE.jpg
42.166,"Toy Story",/uXDfjJbdP4ijW5hWSBrPrlKpxab.jpg
32.517,WALL·E,/3g8vyePqVatTaUSnrNnrrwguhxM.jpg
34.896,Mulan,/xCVcnQ2fm77vm7vFjTcrWGjz1Wb.jpg
34.498,"Zombieland: Double Tap",/dtRbVsUb5O12WWO54SRpiMtHKC0.jpg
44.095,Midway,/hj8pyoNnynGeJTAbl7jcLZO8Uhx.jpg
29.666,Aliens,/xwdPTZyyBa4U3V2N0EmozTCeEAY.jpg
34.776,"Bohemian Rhapsody",/lHu1wtNaczFPGFDTrjCSzeLPTKN.jpg
31.748,Jaws,/s2xcqSFfT6F7ZXHxowjxfG0yisT.jpg
39.38,"Toy Story 4",/w9kR8qbmQ01HwnvK4alvnQ2ca0L.jpg
40.836,"It Chapter Two",/zfE0R94v1E8cuKAerbskfD3VfUt.jpg
36.295,"Last Words",
33.794,"Incredibles 2",/9lFKBtaVIhP7E2Pk0IY1CwTKTMZ.jpg
44.06,"The Big Lebowski",/48auuGpzl9KSZixAKwj8yKBNIv4.jpg
50.432,Insurgent,/dP5Fb6YRfzmCQtRbHOr2kO7tJW9.jpg
36.144,"When Harry Met Sally...",/y91dTeB7EMG0DHkjBR9O3M0vJuk.jpg
42.653,"Star Wars: The Last Jedi",/kOVEVeg59E0wsnXmF9nrh6OmWII.jpg
36.543,"Star Wars: The Force Awakens",/wqnLdwVXoBjKibFRR5U3y0aDUhs.jpg
30.578,"San Andreas",/2Gfjn962aaFSD6eST6QU3oLDZTo.jpg
36.17,"Kill Bill: Vol. 1",/v7TaX8kXMXs5yFFGR41guUDNcnB.jpg
34.376,"John Wick: Chapter 2",/hXWBc0ioZP3cN4zCu6SN3YHXZVO.jpg
32.657,"The Wolf of Wall Street",/sOxr33wnRuKazR9ClHek73T8qnK.jpg
34.7,"Raiders of the Lost Ark",/awUGN7ZCNq2EUTdpVaHDX23anOZ.jpg
29.472,Self/less,/b03zZZTE17iH6klsInFOlrgfYRN.jpg
38.782,"Sixteen Candles",/duLMXNN6ZkuBt4edVMIfOI6tx.jpg
33.977,"The Lion King II: Simba's Pride",/z2tDQZpxKqXJB7DXBI1R62qLJaP.jpg
36.627,"Inglourious Basterds",/7sfbEnaARXDDhKm0CZ7D7uc2sbo.jpg
36.801,"Fantastic Beasts: The Crimes of Grindelwald",/fMMrl8fD9gRCFJvsx0SuFwkEOop.jpg
36.188,Superintelligence,
35.393,"The Rental",/cgRTJ8d5MlwSwSsv4WwPTh4Atan.jpg
29.639,"Mulholland Drive",/tVxGt7uffLVhIIcwuldXOMpFBPX.jpg
29.472,Prometheus,/qsYQflQhOuhDpQ0W2aOcwqgDAeI.jpg
29.643,"Taken 3",/4TOCAmmcqmLKP31mKYVIiJTje0S.jpg
31.375,"The Invisible Guest",/fptnZJbLzKUHeNlYrAynbyoL5YJ.jpg
27.077,"The Lighthouse",/3nk9UoepYmv1G9oP18q6JJCeYwN.jpg
35.004,"My Spy",/n2C6jRK9PtPIs99RQhKtqGlsnsO.jpg
37.17,"Mortal Engines",/gLhYg9NIvIPKVRTtvzCWnp1qJWG.jpg
40.002,"Kubo and the Two Strings",/la6QA9tk4Foq8OBH2Dyh5dTcw6H.jpg
27.15,Sicario,/tw0lXhbNkklvseuJ4aYldkVyXV7.jpg
34.486,"Django Unchained",/yK0qrQhi3BbOXvTNOBWHgpcbckZ.jpg
31.928,"Indiana Jones and the Last Crusade",/sizg1AU8f8JDZX4QIgE4pjUMBvx.jpg
32.073,"The Good, the Bad and the Ugly",/eWivEg4ugIMAd7d4uWI37b17Cgj.jpg
28.768,"Toy Story 2",/yFWQkz2ynjwsazT6xQiIXEUsyuh.jpg
26.129,Inheritance,/l13mt3oHErSkkqJbN1bjzgtK0Vq.jpg
33.579,"Charlie's Angels",/1DPUFG6QnGqzpvEaDEv7TaepycM.jpg
27.925,"The Nun",/sFC1ElvoKGdHJIWRpNB3xWJ9lJA.jpg
32.295,"A Bug's Life",/Ah3J9OJVc2CNCuH2zMydXy9fmIC.jpg
27.59,"Shutter Island",/kve20tXwUZpu4GUX8l6X7Z4jmL6.jpg
47.374,"The Green Mile",/velWPhVMQeQKcxggNEU8YmIo52R.jpg
34.411,"Pokémon Detective Pikachu",/wgQ7APnFpf1TuviKHXeEe3KnsTV.jpg
33.143,"Mad Max: Fury Road",/sQuxceRcV3cxKH5CAnAUZe0qFKS.jpg
33.587,"Aliens vs Predator: Requiem",/5iTwPDNtvK6ZZF607BHBbU3HO0B.jpg
33.888,"The Amazing Spider-Man",/jIfkQNARYyERqRAq1p1c8xgePp4.jpg
31.773,Anna,/ybizg6RSYX3yvOQ2iLYucTrHGw2.jpg
30.528,"Color Out of Space",/vkwgzCBBiY3C1XEy0WakYfMOvnG.jpg
36.927,Ant-Man,/jJhp59fwKP91sQ4QkR82YnSeOCZ.jpg
30.464,"E.T. the Extra-Terrestrial",/pEKStszBzTZCvR0H4tosjqxmE7X.jpg
29.197,"My Hero Academia: Heroes Rising",/zGVbrulkupqpbwgiNedkJPyQum4.jpg
26.148,"Fantastic Four: Rise of the Silver Surfer",/av1QVSc8BWpk1WrSKLRhnbqTjX0.jpg
28.646,Twilight,/3Rr0cXFjJ7GVvtaQKmFSMXHG9yr.jpg
33.935,Vivarium,/myf3qzpeN0JbuFRPwSpJcz7rmAT.jpg
29.906,"To All the Boys I've Loved Before",/hKHZhUbIyUAjcSrqJThFGYIR6kI.jpg
30.145,"Seventh Son",/jF68dgdMY2sHjzM3iwozcquWkRe.jpg
32.024,"The Incredibles",/2LqaLgk4Z226KkgPJuiOQ58wvrm.jpg
39.073,Divergent,/lmIh6aeCQXA4sLt58l6qB1o54BE.jpg
25.426,"The Hateful Eight",/nZeKw2oDiODgnht9OrohB2jBhjq.jpg
35.681,Coco,/eKi8dIrr8voobbaGzDpe8w0PVbC.jpg
34.751,Aquaman,/5Kg76ldv7VxeX9YlcQXiowHgdX6.jpg
31.61,"The Chronicles of Narnia: The Lion, the Witch and the Wardrobe",/kzJip9vndXYSKQHCgekrgqbnUrA.jpg
32.664,"Alien: Covenant",/zecMELPbU5YMQpC81Z8ImaaXuf9.jpg
26.394,GoodFellas,/oErEczcVUmJm0EPdvWsvK4g4Lv3.jpg
33.543,"Forbidden Planet",/1XkD2wEQeCWSMizrbwJWdNvbG5q.jpg
38.269,"All the President's Men",/cPtSHR7D2WGsDBfnC5DxV927hKn.jpg
34.127,Spectre,/672kUEMtTHcaVYSVY4eiHEliHFa.jpg
42.017,"Taxi Driver",/ekstpH614fwDX8DUln1a2Opz0N8.jpg
26.359,"King Kong",/qVCZtwBGls866wBb4PAfYtAjyr8.jpg
27.462,Snowpiercer,/rOBMxkRXaTZypGulL8GEOYKJs63.jpg
26.085,"Cowboys & Aliens",/9uZsGCP4rvOHVGCpMpYq5gNCuNI.jpg
35.726,"First Blood",/a9sa6ERZCpplbPEO7OMWE763CLD.jpg
27.07,"Wreck-It Ralph",/j8M1kHBAXa6KFNzGnWtdsVsLUro.jpg
21.44,"The Grinch",/stAu0oF6dYDhV5ssbmFUYkQPtCP.jpg
35.155,Cinderella,/avz6S9HYWs4O8Oe4PenBFNX4uDi.jpg
21.903,"Some Kind of Wonderful",/gFTmgfhdCAyhEgtbi6iadKkTer2.jpg
28.354,"Ice Age: The Meltdown",/eYff7CWPMCKhIGTos2SzTd3VFbA.jpg
32.502,"The Godfather: Part II",/amvmeQWheahG3StKwIE1f7jRnkZ.jpg
29.547,"Horrible Bosses 2",/boBOkwIqgrs8noxBUSDkkicKa4K.jpg
25.444,"Pirates of the Caribbean: At World's End",/jGWpG4YhpQwVmjyHEGkxEkeRf0S.jpg
31.108,"21 Bridges",/b40ApfKDPoJYbWepUs7f09Y3fD.jpg
32.915,"Gemini Man",/uTALxjQU8e1lhmNjP9nnJ3t2pRU.jpg
33.491,Split,/lli31lYTFpvxVBeFHWoe5PMfW5s.jpg
31.575,Skyfall,/eGUEpL4kj30qV1JOazNzMRczR9r.jpg
32.156,Predator,/qBvKSCBnGhqCHhRUMXcJE4qz7vc.jpg
29.066,"Sex Tape",/2Zupv3rMMcVnDPDGQHaM5VxUXvQ.jpg
27.035,"Spenser Confidential",/fePczipv6ZzDO2uoww4vTAu2Sq3.jpg
27.628,Bumblebee,/fw02ONlDhrYjTSZV8XO6hhU3ds3.jpg
23.325,"Bird Box",/rGfGfgL2pEPCfhIvqHXieXFn7gp.jpg
28.744,Akira,/5KlRFKKSbyCiyYpZSS3A6G5bW0K.jpg
31.802,Mulan,/aKx1ARwG55zZ0GpRvU2WrGrCG9o.jpg
28.085,Megamind,/ozecjGWL47TQ9mKrPg2Y3WTh2UJ.jpg
30.134,"Despicable Me",/wqtH95Ri9Au2euC4p86lLoFCJQk.jpg
31.574,"V for Vendetta",/2ySXWBckQboalTZjhaLWRqc3gCN.jpg
34.117,Aladdin,/jMQdkZwXh8TLsJev8cT0pKeTwrj.jpg
33.565,"A Clockwork Orange",/4sHeTAp65WrSSuc05nRBKddhBxO.jpg
37.063,Frankenstein,/jFpc9w3RmYeaOXMEfrtgshwVf4u.jpg
31.71,"Shrek 2",/2yYP0PQjG8zVqturh1BAqu2Tixl.jpg
32.965,"Hacksaw Ridge",/vVJRemwt0WyqnwLMIAaa2FNZBME.jpg
28.678,"First Man",/i91mfvFcPPlaegcbOyjGgiWfZzh.jpg
36.097,"Escape from Alcatraz",/fEXxILY3zm8821sEMSHrD1rjMe.jpg
25.846,"Twelve Monkeys",/kKoG0hXBmBbkDnJYhhHisdin73W.jpg
26.046,Waterworld,/f4Q6BKm1lv9u5xoffbIIwrOYf6z.jpg
29.942,"Mission: Impossible - Ghost Protocol",/7GCKNRbzcA4rJXAKoE8KS9IDnZP.jpg
24.344,"Lone Survivor",/zaBIrloyhGK7iNTZMb3f9SARsl8.jpg
27.289,"G.I. Joe: Retaliation",/3rWIZMzTKcCtV0eHJ70Z4Ru659f.jpg
28.782,"Weathering with You",/qgrk7r1fV4IjuoeiGS5HOhXNdLJ.jpg
29.536,"The Great Debaters",/jxsWIZzjpaRNd0Ni4v3iISk3SRr.jpg
20.884,"Source Code",/AtQDTlj3MFOXJd5C9OopaRo3rRo.jpg
38.162,"Little Women",/yn5ihODtZ7ofn8pDYfxCmxh8AXI.jpg
24.427,"Hansel & Gretel: Witch Hunters",/fJb4M6UAbrwS57bgHxVuC12Abem.jpg
22.774,Troy,/kWj4RJzZeJGeyGA3DVGQiNkUjkt.jpg
25.018,"Journey 2: The Mysterious Island",/hLZHJjsZ83Wfn3MRteNb6ew0WC7.jpg
25.216,Saw,/pparEGTCxcTiImyVFoKD0LX11N8.jpg
29.114,"American History X",/c2gsmSQ2Cqv8zosqKOCwRS0GFBS.jpg
32.379,"Game Night",/85R8LMyn9f2Lev2YPBF8Nughrkv.jpg
26.969,"Valerian and the City of a Thousand Planets",/jfIpMh79fGRqYJ6PwZLCntzgxlF.jpg
27.855,"The Departed",/p3tmqqwFPHFdu1oVpcgKGfcPCMZ.jpg
38.217,Dunkirk,/ebSnODDg9lbsMIaWg2uAbjn7TO5.jpg
24.116,"Ghost in the Shell",/myRzRzCxdfUWjkJWgpHHZ1oGkJd.jpg
31.222,"The F**k-It List",/oIxGqt2XKTLEKLHVffIv9hUlW0T.jpg
44.703,"The Mummy: Tomb of the Dragon Emperor",/A3acM1lX5PNWQa6r5qeMAJOxbnT.jpg
28.197,"The Jungle Book",/tOEOlmLP71IojeJ91dyJ9Nsb8O8.jpg
30.687,"Dr. No",/E0J8HxoDFA8f9TS5c6e6thsszz.jpg
25.948,"xXx: Return of Xander Cage",/hba8zREJpP1AYhaXgb2oJLQeO0K.jpg
27.45,"The Hitman's Bodyguard",/5CGjlz2vyBhW5xHW4eNOZIdgzYq.jpg
24.538,"Crazy, Stupid, Love.",/ep5ZVeP8e05VSsXVaQVy70cYOxL.jpg
30.479,Batman,/lH3dsbxA4wLalWKNYpVldX8zfPP.jpg
44.572,"Force of Nature",/ucktgbaMSaETUDLUBp1ubGD6aNj.jpg
29.925,Braveheart,/or1gBugydmjToAEq7OZY0owwFk.jpg
22.66,"Die Hard 2",/ybki0UWO3OPhaM6MSniuKC7sy1R.jpg
31.453,Midsommar,/7LEI8ulZzO5gy9Ww2NVCrKmHeDZ.jpg
25.005,"A Tale of Two Sisters",/l3exwhwyGE0NnHJ3lFQ7eXoBSkH.jpg
31.102,"Snow White and the Seven Dwarfs",/4UvFMz8Ys0TaTTxma5e2tKj8u61.jpg
22.657,"Some Kind of Beautiful",/jkxQrA38MO0Fma1ZzRGM1TJuJiI.jpg
41.894,"Alice in Wonderland",/o0kre9wRCZz3jjSjaru7QU0UtFz.jpg
26.286,"Corpse Bride",/isb2Qow76GpqYmsSyfdMfsYAjts.jpg
31.17,Brightburn,/sJWwkYc9ajwnPRSkqj8Aue5JbKz.jpg
26.812,"The Lodge",/yake2myhbW7c6dKbmwYDy1i40bm.jpg
30.614,"The Goonies",/c03kHoIsEVrsVBh7wRHNQ8JgvwP.jpg
37.961,"Apollo 13",/oYUZHYMwNKnE1ef4WE5Hw2a9OAY.jpg
27.368,"The Neon Demon",/3rBo2AfWSlvsPmYFdJsNUMfkNIo.jpg
35.858,"Sleeping Beauty",/hsQD3U3P8wkU63jgKg9TlK5oxK3.jpg
32.141,"Five Feet Apart",/kreTuJBkUjVWePRfhHZuYfhNE1T.jpg
37.562,Abominable,/20djTLqppfBx5WYA67Y300S6aPD.jpg
27.903,"How to Train Your Dragon",/ygGmAO60t8GyqUo9xYeYxSZAR3b.jpg
26.202,Oldboy,/9eyqhS9MKBQqQJdGmWjKLH396gJ.jpg
31.299,"How to Train Your Dragon 2",/d13Uj86LdbDLrfDoHR5aDOFYyJC.jpg
26.59,Catwoman,/nqNY2yKkDF2Qm8QtKgmqosjyAHv.jpg
42.676,"Annabelle Comes Home",/qWsHMrbg9DsBY3bCMk9jyYCRVRs.jpg
27.829,"Apocalypse Now",/gQB8Y5RCMkv2zwzFHbUJX3kAhvA.jpg
22.984,Prisoners,/uhviyknTT5cEQXbn6vWIqfM4vGm.jpg
22.82,"National Treasure",/20MSnfTICmwvAs2YJTqcSTjwBDc.jpg
25.837,"Peter Rabbit",/2yjSvEDuM3rLDng40erLsWkQRfn.jpg
24.082,"Atomic Blonde",/kV9R5h0Yct1kR8Hf8sJ1nX0Vz4x.jpg
29.272,Southpaw,/r6QlMEQGNvM0YpbN04qhx5xdMiQ.jpg
24.749,Gravity,/nGdGlz45Vt2dJiX2AljerQDSwIM.jpg
25.596,Rambo,/3mInub5c8o00H7EJ1TrjAqOzIuc.jpg
25.884,Hercules,/16JPL3c6ET7ibfO35WjjWxCaVmj.jpg
39.136,"Gnomeo & Juliet",/vVQwgfS9gSFviVT4gS7tZAmhRFc.jpg
33.386,"Iron Man 3",/qhPtAc1TKbMPqNvcdXSOn9Bn7hZ.jpg
25.089,"Mission: Impossible - Rogue Nation",/oUDKymEL932AeHyl4A4ee8zuBLF.jpg
23.78,"The Twilight Saga: Breaking Dawn - Part 1",/dSSzv6JrlwS48pBeTNSswLJXOYF.jpg
24.305,"Return of the Jedi",/mDCBQNhR6R0PVFucJl0O4Hp5klZ.jpg
36.604,Glass,/svIDTNUoajS8dLEo7EosxvyAsgJ.jpg
21.57,"The Other Lamb",/ynPJkpmWNi4rnDUb0PuzDnJj5JI.jpg
30.013,"Casino Royale",/ta2BX3THwYXytWuVVozaT0NsMM8.jpg
24.163,"AVP: Alien vs. Predator",/2DKoPom57PVtJWcJlq7bS7JpahU.jpg
42.448,"Nater Guru",/1R3hwwMVlalodwTmEk1fE7AiMpr.jpg
25.705,"Mission: Impossible II",/12mI7kU22nJrmtAgGcDP8tbAz4a.jpg
27.555,Up,/6MNW96BHtwwWK74d0tLyxVZBkTs.jpg
25.867,"The Greatest Showman",/b9CeobiihCx1uG1tpw8hXmpi7nm.jpg
27.643,Zombieland,/dUkAmAyPVqubSBNRjRqCgHggZcK.jpg
26.04,"Don't Look Now",/D79EoaAArwb0oKDhBDH1FLFKTv.jpg
23.238,"Van Helsing",/5PamJJJH1lvMMWvDLLohEQuGbg6.jpg
23.335,Chinatown,/7ljxmU9L0ugUvyyg0GBkFaarjEq.jpg
27.729,"Pacific Rim",/mmznhaQDwlHWpUwKuNxtQiubbmM.jpg
31.417,"Portrait of a Lady on Fire",/2LquGwEhbg3soxSCs9VNyh5VJd9.jpg
29.919,Ghostbusters,/h5Qz8J4T8YQnbZzHXM73WVYYVPK.jpg
26.167,"Lady and the Tramp",/y9nf5YIKbwycDFU4fqdKkOV1Am8.jpg
26.365,"Home Alone 4",/g8ZH3UVTBABZgaw3h0BCIstS2pT.jpg
38.172,"Guardians of the Galaxy",/r7vmZjiyZw9rpJMQJdXpjgiCOk9.jpg
27.013,"The Prestige",/pvSESD7ujxWZwtYDb9l57qE0ywq.jpg
30.407,"The Kissing Booth 2",/pwmtGo0mTjTqWZwk3k3VSWtygxj.jpg
28.312,"One Hundred and One Dalmatians",/9klDisS1sVb5LljRhpYJ0TUbPzt.jpg
25.009,"Mission: Impossible III",/5l0hS4A119jCA1A02XsFZHq1uRD.jpg
22.555,"Urban Legends: Final Cut",/9kjGrnhMz37RYEd5BFcrU1qkPkl.jpg
25.901,"The Hangover",/jjCPcxw7QCmFPYM1t3BThdEawJK.jpg
31.627,"Justice League Dark: Apokolips War",/c01Y4suApJ1Wic2xLmaq1QYcfoZ.jpg
22.345,2012,/6NGuxp2ysgv539S9EpfVngsUdD.jpg
42.312,"Naruto Shippuden the Movie",/vDkct38sSFSWJIATlfJw0l3QOIR.jpg
24.681,"The Emperor's New Groove",/6c4dzX5Io2i9tP30ZRnrhwjsYt7.jpg
22.739,"Kung Fu Panda 3",/nlr2oxuYsHXt0wdtmzaOuVBoNC0.jpg
28.376,"The Little Mermaid",/6aXMusULuKFAK0ZRUlv7RJ9zHTc.jpg
30.644,Annihilation,/d3qcpfNwbAMCNqWDHzPQsUYiUgS.jpg
30.127,"The Twilight Saga: New Moon",/j5jM5pq78ObAXX1WhTsb115EkLl.jpg
27.327,"Real Steel",/4GIeI5K5YdDUkR3mNQBoScpSFEf.jpg
26.131,Sing,/lW0kUtXTOVlHTVhDO2VzNBACAHX.jpg
22.924,"American Sniper",/oKJtbxRusjmu8sqzwnzhgUbojyg.jpg
22.462,"The Expendables",/8tb3x0rYBGkgOTh1dCXPpmikp1V.jpg
30.047,"Cold Pursuit",/hXgmWPd1SuujRZ4QnKLzrj79PAw.jpg
34.217,"Boyka: Undisputed IV",/7QGdIJWWTkPhVjpQ0zA6z69khod.jpg
24.66,"The Twilight Saga: Breaking Dawn - Part 2",/jHE7WUf3FDod8vw3O3twh0JVZun.jpg
28.571,"The Purge: Anarchy",/f2HD5iVhJWWv72QVWThUKk09zYy.jpg
27.818,Wonder,/ouYgAatYH4JzIThj6FI3UYf31RI.jpg
25.549,"Shrek the Third",/jaNe16gE9zdAYyVwRqmlmRKshHm.jpg
29.546,Memento,/uprP8rtOgMYJQ2h3ldDFvGsaBgH.jpg
27.138,"Kiki's Delivery Service",/7nO5DUMnGUuXrA4r2h6ESOKQRrx.jpg
26.288,"Once Upon a Time in the West",/3RymloPYcEPx30T1vTrz2cXaVnh.jpg
34.434,"The Day the Earth Stood Still",/x2DquTpLTq54aPFDnqlwY7apCC3.jpg
30.381,"Eternal Sunshine of the Spotless Mind",/5MwkWH9tYHv3mV9OdYTMR5qreIz.jpg
24.68,"The Da Vinci Code",/6jexEWBXepwB1ZLpCEllI04Agrb.jpg
33.726,"Invasion of the Body Snatchers",/8BrMQmgwGzIHSyBjCDOLOdi79fJ.jpg
27.18,"Only Lovers Left Alive",/kffoWJ7FfPRlFFBGixOMbq3blQp.jpg
31.174,"Kung Fu Panda",/wWt4JYXTg5Wr3xBW2phBrMKgp3x.jpg
29.805,Unhinged,/syBQHeRpWabNFXFXWJpgVbBDAbX.jpg
26.123,"World War Z",/aCnVdvExw6UWSeQfr0tUH3jr4qG.jpg
26.368,"The Last Samurai",/wwCOJtRAkn287NbWUtOTlYbiL4Z.jpg
29.766,Dumbo,/A7XkpLfNH0El2yyDLc4b0KLAKvE.jpg
28.767,"Wasp Network",/fzjbeyEwmlpxu5CMzmFz8IDVELm.jpg
31.064,"X-Men: Days of Future Past",/bvN8iUpHyBIvniUk4e52SUZMA7Z.jpg
31.46,"Teen Beach 2",/AdqZVbaUAEnmRjYr13Rmnb7ZvIS.jpg
26.422,"Tomb Raider",/ePyN2nX9t8SOl70eRW47Q29zUFO.jpg
26.65,"Once Upon a Time in America",/hBDHr3YihnuL46aeyEMhTchXkZP.jpg
19.949,Hero,/1NBtOH3KPU9UUp1vzVHJ8qzdW88.jpg
32.347,"Indiana Jones and the Temple of Doom",/5xXpJmvXJuWGQ7KmgWTibNa5utX.jpg
24.132,Hellboy,/bk8LyaMqUtaQ9hUShuvFznQYQKR.jpg
34.201,"The Man Who Knew Infinity",/tCeXb6V9t7JnuG0KaeqYLN6PwUv.jpg
22.345,"The Cabin in the Woods",/ikN5RPNIt26YEMDbsm0rnmNODio.jpg
25.858,"The Guilty",/42QPG6p7oLcLd4LQOPeSTLhqfMx.jpg
28.753,"Brahms: The Boy II",/tIpGQ9uuII7QVFF0GHCFTJFfXve.jpg
25.148,Emma.,/uHpHzbHLSsVmAuuGuQSpyVDZmDc.jpg
41.341,"Percy Jackson & the Olympians: The Lightning Thief",/brzpTyZ5bnM7s53C1KSk1TmrMO6.jpg
27.278,Automata,/h7SEtIWOfLsuCWhQgflev7ppRPq.jpg
27.686,"Miss Peregrine's Home for Peculiar Children",/tzYkC0vqX8Dokuwynhz1lnWWgWT.jpg
27.725,"Mr. & Mrs. Smith",/eMftEiMCZPEtzzEFyYLjbNkgRQ5.jpg
32.553,Bombshell,/gbPfvwBqbiHpQkYZQvVwB6MVauV.jpg
31.821,"Ice Princess",/zEfI4zu4pQrgc08Jh9Vv2FpELvO.jpg
29.422,"Ready or Not",/vOl6shtL0wknjaIs6JdKCpcHvg8.jpg
23.821,"King Arthur: Legend of the Sword",/gvSWdJN7peehxJYOugV9IwqiAFi.jpg
28.156,"Ballet Shoes",/bJAOuC0GLL1PHuefC8Ed8C0ja6m.jpg
26.399,"Life Is Beautiful",/6tEJnof1DKWPnl5lzkjf0FVv7oB.jpg
35.327,"6 Underground",/lnWkyG3LLgbbrIEeyl5mK5VRFe4.jpg
31.405,"Train to Busan",/2oRRTPNtozgPhOa9CYZiVl4GRQ5.jpg
24.845,Kon-Tiki,/jqgYScch2UfAgfUSlf60Wvm7JJj.jpg
24.787,"Die Hard: With a Vengeance",/sOqB9iMEcbGhAgH70dbs8U58UW5.jpg
21.084,"Dances with Wolves",/cvaBVpS0GzKqBd63pFT8f1E8OKv.jpg
24.482,"Top Gun",/xUuHj3CgmZQ9P2cMaqQs4J0d4Zc.jpg
28.129,"The Matrix Reloaded",/aA5qHS0FbSXO8PxcxUIHbDrJyuh.jpg
28.646,"Star Wars: Episode I - The Phantom Menace",/6wkfovpn7Eq8dYNKaG5PY3q2oq6.jpg
30.425,"Thor: The Dark World",/wp6OxE4poJ4G7c0U2ZIXasTSMR7.jpg
25.271,"Madagascar: Escape 2 Africa",/9lfNdHVfd37R1GszeH5ZcWzkb14.jpg
24.909,"Horton Hears a Who!",/6k47Z3A5zI2rxubTMwiLyIqQLLr.jpg
27.806,"Brother Bear",/otptPbEY0vBostmo95xwiiumMJm.jpg
23.116,Gifted,/9Ts7Vc4wLlpI9oox9mkVUE1tBHy.jpg
25.751,"Bad Boys",/x1ygBecKHfXX4M2kRhmFKWfWbJc.jpg
26.253,"I Love You, Man",/ewGJfCkBkLV4naw1WKqO301bHh2.jpg
23.052,"Million Dollar Baby",/jcfEqKdWF1zeyvECPqp3mkWLct2.jpg
25.299,Hulk,/qnngKqAcqfH2pBxDoKu5lxzSbTo.jpg
25.613,"Motherless Brooklyn",/jjMJy5OxJHpFIaboCklDIYdcfpD.jpg
25.445,Amélie,/slVnvaH6fpF22154vnjQJdXCVZd.jpg
21.798,Predestination,/sYjpJZEdwELjdHy4OVzazeJVT0z.jpg
26.542,"Descendants 3",/7IRy0iHdaS0JI3ng4ZYlk5gLSFn.jpg
27.194,"The Vow",/qHNjcjKa6VHJsa0Eu0DHl2BaYw3.jpg
23.366,"Psych 2: Lassie Come Home",/2LXQUhkzo27jKotK7poHkNaw59B.jpg
26.266,"Code 8",/izGX7npHEopDQvngYcxMJEfcFbj.jpg
22.789,"The Girl Next Door",/5mVyFHSY2rSsNgD4NfEwV82HigU.jpg
28.639,"Gretel & Hansel",/mBBBXseq4k4dI63k06XIrsc02j8.jpg
21.533,"Almost Famous",/tl1Yv7lWq3RUPq3Q1nT5oRFJsv8.jpg
26.234,"The Chronicles of Narnia: Prince Caspian",/qxz3WIyjZiSKUhaTIEJ3c1GcC9z.jpg
26.284,"The Intouchables",/w7WxNbb0mcWpwDMd3pJA7LQRfnt.jpg
25.559,"Robin Hood",/AiRfixFcfTkNbn2A73qVJPlpkUo.jpg
24.729,Twister,/ba6Bg9mxphS24tpSe98vZccEe3S.jpg
30.294,"Kingsman: The Golden Circle",/34xBL6BXNYFqtHO9zhcgoakS4aP.jpg
24.882,"Silver Linings Playbook",/y7iOVneBvITlBdhy6tVqXVOa1Js.jpg
19.628,"Ace Ventura: When Nature Calls",/wcinCf1ov2D6M3P7BBZkzQFOiIb.jpg
25.477,"Live Free or Die Hard",/esB1DPeSNNbRQunQbbI3ENClqj8.jpg
31.934,"Furious 7",/d9jZ2bKZw3ptTuxAyVHA6olPAVs.jpg
31.533,Warcraft,/k3a41SS1q5xmbvzPvzTIfG7GDlp.jpg
29.571,"Barbie as The Princess & the Pauper",/xHYsUwUe4MaNc6mbNBGTkqZSnPk.jpg
26.066,Tenet,/k68nPLbIST6NP96JmTxmZijEvCA.jpg
24.882,Trainwreck,/n6qKzMQn1Z2R2fLYSeBQnGiJjAK.jpg
40.246,"The Bourne Identity",/vN6jGCuzefysLVFrzK3Vs6xAdu1.jpg
24.165,Oblivion,/2ncs7hqBsEjFMqt6Y7ShBCO9tWs.jpg
30.012,"You Don't Mess with the Zohan",/8t5eADUDKB6XP2YthLmnca49ZYk.jpg
28.22,Trolls,/zKu5MNy9QW1a5ZHgv7iAp3kRZpE.jpg
27.073,"Bitch Lover",/boDit2TcKVjWsromY1HrwN326po.jpg
22.26,"The Adventures of Tintin",/iXzfrdOYh0XmdjREIrZuU8sGHg6.jpg
26.763,"The Big Short",/isuQWbJPbjybBEWdcCaBUPmU0XO.jpg
28.91,Vera,/6WGKZMp4vgPvezVntbUqch9VJwq.jpg
24.27,Harriet,/rsUs58bDqpJJxZSOebZOMN9gzw2.jpg
28.67,"Under the Riccione Sun",/m3Vuuf6CcVrJbY94lBUEZ0SrpTS.jpg
24.516,"Waiting for Anya",/tVsTJswZATZo5HD4BrAbMZcOqxN.jpg
31.998,"Iron Man 2",/6WBeq4fCfn7AN0o21W9qNcRF2l9.jpg
24.807,Baywatch,/6HE4xd8zloDqmjMZuhUCCw2UcY1.jpg
23.194,"G.I. Joe: The Rise of Cobra",/mc9b25IAprHfsaOz0wTshOwGHcY.jpg
25.096,"The Grand Budapest Hotel",/1WicOAzPkpBWajjvcFazPLIuu0A.jpg
31.414,"The Meg",/xqECHNvzbDL5I3iiOVUkVPJMSbc.jpg
24.091,"The Sixth Sense",/fIssD3w3SvIhPPmVo4WMgZDVLID.jpg
40.013,"Hotel Transylvania 3: Summer Vacation",/gjAFM4xhA5vyLxxKMz38ujlUfDL.jpg
26.335,"The Usual Suspects",/d2IalvQ6eaEAsLVTFUEHf6roHEk.jpg
23.988,Rango,/6IeGcoIEpOj7pUtzBk8zNM54YYl.jpg
21.628,"Dr. Strangelove or: How I Learned to Stop Worrying and Love the Bomb",/gHm96BRW4GoI339rF1vYoYTB6Qe.jpg
39.917,"The Punisher",/7rmA1HwYp2GKM85BL0cVwCaosGr.jpg
27.428,Ben-Hur,/m4WQ1dBIrEIHZNCoAjdpxwSKWyH.jpg
24.876,"The Jungle Book",/9YP99QP4D64RKEUs9slPnBWG5lN.jpg
28.496,Us,/ux2dU1jQ2ACIMShzB3yP93Udpzc.jpg
27.173,"In Time",/3Mwj2sIONQckOZP3YwsUXF7U5I4.jpg
31.89,Upgrade,/8fDtXi6gVw8WUMWGT9XFz7YwkuE.jpg
22.638,Tag,/eXXpuW2xaq5Aen9N5prFlARVIvr.jpg
24.211,"Terminator 3: Rise of the Machines",/jdG3l2e7kJ4bl91YLRLUAmvbZMX.jpg
25.464,"Madagascar 3: Europe's Most Wanted",/ekraj4ksvIKeuvQVEevEJkuybZd.jpg
23.011,Taken,/wrJjDB8SSJJKcpXVf4KAxZIHvBZ.jpg
28.056,"Fantastic Four",/8HLQLILZLhDQWO6JDpvY6XJLH75.jpg
27.865,Anita,
25.299,"Ice Age: Dawn of the Dinosaurs",/cXOLaxcNjNAYmEx1trZxOTKhK3Q.jpg
26.194,"The Rock",/eBcoxveWzzXQrCrwWMGAROcqgpP.jpg
25.729,"The Grudge",/vN7JHlHOT9rHNDU27tfYqhABBj5.jpg
25.891,"Indiana Jones and the Kingdom of the Crystal Skull",/56As6XEM1flWvprX4LgkPl8ii4K.jpg
32.638,"The Incredible Hulk",/vcFeElC8eXI668WSIxcDNkJSBxv.jpg
31.447,"Fantasy Island",/8ZMrZGGW65ePWIgRn1260nA1uUm.jpg
26.133,"The Lovebirds",/5jdLnvALCpK1NkeQU1z4YvOe2dZ.jpg
22.583,"The Mortal Instruments: City of Bones",/yD3FHZ5gE0uKpBCYsxlq82UJCcP.jpg
39.431,"The Lego Movie",/lbctonEnewCYZ4FYoTZhs8cidAl.jpg
27.542,"Pacific Rim: Uprising",/v5HlmJK9bdeHxN2QhaFP1ivjX3U.jpg
27.574,"Clash of the Titans",/nzaolaRSo8ZIGjxnX89PEnpROae.jpg
19.722,"The Protector",/uKE9BxgtT5g2pE3ZKC7MnzsAbTZ.jpg
24.716,"Uncut Gems",/6XN1vxHc7kUSqNWtaQKN45J5x2v.jpg
23.661,"The Angry Birds Movie 2",/ebe8hJRCwdflNQbUjRrfmqtUiNi.jpg
26.463,"I Am Legend",/iPDkaSdKk2jRLTM65UOEoKtsIZ8.jpg
23.81,"National Treasure: Book of Secrets",/xxoIBbvmTj1ZttzV439jAvoovTw.jpg
20.806,"Transporter 2",/8pRuchsAKi90PNyDbzUvyvqF8LV.jpg
23.903,"Shark Tale",/r08DpyPyhXcJTfNZAICNGMzcQ8l.jpg
24.444,"Alien Resurrection",/pMkAdCcq6brohqZisziZQg5i3Q5.jpg
28.182,"Jumanji: Welcome to the Jungle",/22hqf97LadMvkd4zDi3Bq25xSqD.jpg
28.843,"Peter Pan",/6UTZmeQcxbtW32MyR5nKIx7ID4f.jpg
21.441,"American Psycho",/AdBOkKdmeYLWDZ1b9PCpyesiudo.jpg
25.609,Rampage,/MGADip4thVSErP34FAAfzFBTZ5.jpg
23.484,"The Italian Job",/eSkjK4kctyrWpFhxl35GPvSs6tI.jpg
22.942,"Me Before You",/oo2Q3T8juOYFh2G1YJ3oSMAfUyq.jpg
26.631,"Charlie and the Chocolate Factory",/wfGfxtBkhBzQfOZw4S8IQZgrH0a.jpg
34.351,"Penguins of Madagascar",/gbtwoYMWlG0HZe7sDaTOoijtXCu.jpg
24.944,"Jungle Beat: The Movie",/cgC67SOxd9xkjN4Bnvjtuj1vI8T.jpg
23.576,"Rear Window",/3yCzeNViqI2oBRbfQfwmj733jPZ.jpg
23.142,"Three Billboards Outside Ebbing, Missouri",/vgvw6w1CtcFkuXXn004S5wQsHRl.jpg
24.075,"Dora and the Lost City of Gold",/xvYCZ740XvngXK0FNeSNVTJJJ5v.jpg
16.923,"Au Revoir les Enfants",/A6qG9X7O3eTaGUPmU67g9yIPVPT.jpg
27.273,"Galaxy Quest",/fZXSwgZknp81vmciTb86rw0MejV.jpg
24.973,"Scary Stories to Tell in the Dark",/n7GvmHR10Rr4L17pX5fiErjarNf.jpg
22.169,"Are We There Yet?",/guDkMD4wrZ1BGUO7DFFBVzaiGij.jpg
33.702,"Just Mercy",/4YJNp1cquIkX8JxFwkKNEFQ9tgr.jpg
28.996,"Mortal Kombat Legends: Scorpion's Revenge",/4VlXER3FImHeFuUjBShFamhIp9M.jpg
25.366,"Bee Movie",/rYBaXgvTKFS8iZC7Wr8SMomSauQ.jpg
28.932,"Fifty Shades Freed",/9ZedQHPQVveaIYmDSTazhT3y273.jpg
28.269,"Maze Runner: The Scorch Trials",/mYw7ZyejqSCPFlrT2jHZOESZDU3.jpg
23.019,"The Man from U.N.C.L.E.",/7DsYsX6TGROhMwEcwVxgjPlLuov.jpg
23.858,"Pirates of the Caribbean: Dead Men Tell No Tales",/xbpSDU3p7YUGlu9Mr6Egg2Vweto.jpg
25.805,Yesterday,/1rjaRIAqFPQNnMtqSMLtg0VEABi.jpg
22.314,Her,/yk4J4aewWYNiBhD49WD7UaBBn37.jpg
29.48,Hereditary,/lHV8HHlhwNup2VbpiACtlKzaGIQ.jpg
21.358,Hellboy,/pg6tCxOuON9vUqtoj8GJw1saklz.jpg
28.426,Nightcrawler,/j9HrX8f7GbZQm1BrBiR40uFQZSb.jpg
24.346,"Total Recall",/wVbeL6fkbTKSmNfalj4VoAUUqJv.jpg
21.543,"Batman Returns",/jKBjeXM7iBBV9UkUcOXx3m7FSHY.jpg
25.794,"Mission: Impossible",/lirMXnE7NoVLDr3qeqf48fR1mk4.jpg
28.138,"For Your Eyes Only",/rIbhuS2xBHDYWAriFxLABlK2LZV.jpg
25.691,Contagion,/qL0IooP0bjXy0KXl9KEyPo22ll0.jpg
28.243,"The Amazing Spider-Man 2",/579HAFLpODEC9Reb64wbCHSUi4O.jpg
26.285,"The Truman Show",/bDohw4b035IOJ9SPaw9lpNhZMyB.jpg
27.033,Madagascar,/uHkmbxb70IQhV4q94MiBe9dqVqv.jpg
25.83,"Donnie Darko",/fhQoQfejY1hUcwyuLgpBrYs6uFt.jpg
27.083,"Saw 3D",/qHCZ6LjtmqWDfXXN28TlIC9OppK.jpg
21.586,"Teenage Mutant Ninja Turtles: Out of the Shadows",/euVaCiCWz3AALcQXHT6aUqdGUo6.jpg
27.323,"Who Framed Roger Rabbit",/lYfRc57Kx9VgLZ48iulu0HKnM15.jpg
27.37,"Escape from L.A.",/3L9lL2eUsmLNNfENPwNOc82Hzpw.jpg
24.112,"The Judge",/tefUxj4Gg9hgQNgfEYd7kJQrIlD.jpg
27.06,"Alice in Wonderland",/AdwfqyNiH8UqeYKFYoiKhwTtjAb.jpg
25.977,"Chemical Hearts",
30.017,Allegiant,/eKjckEWBy1YGC1vnkJg9Ux9Khta.jpg
26.189,"Escape From Pretoria",/8GGS0jkFFCnmdStvZED6NL6V7gd.jpg
24.746,"The Last Summer",/nAn3MRAUwbjVApN3qYkvsTEOAvx.jpg
24.05,"Men in Black: International",/dPrUPFcgLfNbmDL8V69vcrTyEfb.jpg
27.734,"Exodus: Gods and Kings",/uaDj37JtvLan9tihxZ18e6qL33b.jpg
29.909,Lucy,/kRbpUTRNm6QbLQFPFWUcNC4czEm.jpg
24.8,"Eyes Wide Shut",/a0YOhU3zq0RkOYrVlPXCeE1oFkR.jpg
20.901,Hancock,/7DyuV2G0hLEqHeueDfOqhZ2DVut.jpg
24,"The Matrix Revolutions",/cm14gG8xBghwIAy1GX0ryI2HA4U.jpg
21.951,Moon,/8MgjEszEYY6tW4aNsFMo7zYjytR.jpg
22.997,"The Notebook",/rNzQyW4f8B8cQeg7Dgj3n6eT5k9.jpg
23.044,"Rambo: First Blood Part II",/lIyUiHted0eWUceCx2ZHLnQGmgy.jpg
38.196,Becky,/xqbQtMffXwa3oprse4jiHBMBvdW.jpg
26.392,Apocalypto,/qbOG3FpCpuYFGhAbJWsAeZ603JF.jpg
26.797,Godzilla,/6R0xEIeXpOJt3vg1SsQuJkOKBWu.jpg
25.041,"28 Weeks Later",/d7vvXpS5TG14gyZ2CZzJoxmGgVN.jpg
27.64,"Seven Samurai",/ApdijpVm1GNV9BQMOsGcAXq4gEB.jpg
28.987,"American Pie",/5P68by2Thn8wHAziyWGEw2O7hco.jpg
23.285,"Mad Max",/5LrI4GiCSrChgkdskVZiwv643Kg.jpg
31.536,Hairspray,/fgMka3HtFvI5OgW1eYdR9XpySxH.jpg
20.733,Drive,/602vevIURmpDfzbnv5Ubi6wIkQm.jpg
25.18,Robots,/kqCofcRShVogLGx98UV76m8RDnY.jpg
34.575,"The Man Who Knew Too Much",/ug018KcUTmkpnIcaXz6Ei8ttWF5.jpg
26.724,"Independence Day",/hC5Q0RM2SimPJO963wBexpgeCdD.jpg
28.971,Dumbo,/hKDdllslMtsU9JixAv5HR9biXlp.jpg
26.843,"The Nutcracker and the Four Realms",/9vPDY8e7YxLwgVum7YZIUJbr4qc.jpg
25.768,"Men in Black 3",/e7kebbtwqzqam6l11aQNl7lXMs0.jpg
22.556,"Jurassic Park",/9i3plLl89DHMz7mahksDaAo7HIS.jpg
24.772,"Captain Underpants: The First Epic Movie",/AjHZIkzhPXrRNE4VSLVWx6dirK9.jpg
24.224,"The Shape of Water",/9zfwPffUXpBrEP26yp0q1ckXDcj.jpg
22.275,"Red Sparrow",/oy6EYWzTwcIMjQYTS6uXS7JXGOx.jpg
25.229,"The Darkest Minds",/94RaS52zmsqaiAe1TG20pdbJCZr.jpg
28.965,"X-Men: Apocalypse",/2mtQwJKVKQrZgTz49Dizb25eOQQ.jpg
21.828,Searching,/pk9R56ZFlofbBzfwBnHlDyg5DMs.jpg
25.506,Elysium,/6hVMt55kzUHvxnc5lduqXyMh8VP.jpg
24.75,Blade,/PDuKQeQkRHkdx7rY147VBVN5Ef.jpg
23.409,Allied,/sV4lXM32quwminL3TP36nlNPp7Q.jpg
25.745,Clueless,/71RW4lkES2Dt7vSLSXvekGYNskG.jpg
25.748,Tangled,/1uPxRO0iYwW02lzwatRhkugWBYs.jpg
27.364,"Rogue One: A Star Wars Story",/5jX3p0apUG5bkMHtnKZch0xpkBS.jpg
36.942,"Friday the 13th",/88wlJ4teYlck4hJ2bnlxBrAVh0m.jpg
22.392,"We're the Millers",/qF2LJ0jwWrtXSuT4AFD5OS2IqaT.jpg
20.936,"The Transporter",/7yYigdfGvOQCWJxjAScqraWaElA.jpg
24.19,"The Croods",/27zvjVOtOi5ped1HSlJKNsKXkFH.jpg
25.936,"American Pie 2",/wa3vePBNEfAJtzXs8WFTyD7bliD.jpg
23.521,"Pet Sematary",/7SPhr7Qj39vbnfF9O2qHRYaKHAL.jpg
21.29,"The Theory of Everything",/kJuL37NTE51zVP3eG5aGMyKAIlh.jpg
20.231,"Lara Croft: Tomb Raider",/sJpl1EfHGZhbKtZ3fWTlwrpM1tH.jpg
26.042,"Kit Kittredge: An American Girl",/ehxKxZzqcTYIMxY9By4VetgHa54.jpg
22.481,"Tropic Thunder",/zAurB9mNxfYRoVrVjAJJwGV3sPg.jpg
24.829,Psycho,/nR4LD4ZJg2n6LZQpcOrLFdMq0cD.jpg
20.18,"Hachi: A Dog's Tale",/cuuzSt0dzY6k9xduN9tTSCIUvZ7.jpg
27.419,RoboCop,/hHtOgGb3NihlyRATHlKPaFApbrd.jpg
25.923,"John Carter",/7GSSyUUgUEXm1rhmiPGSRuKoqnK.jpg
25.719,"Scott Pilgrim vs. the World",/g5IoYeudx9XBEfwNL0fHvSckLBz.jpg
26.627,Ouija,/qJV57i1Q5u6GFyMV3FaGdD2P3IC.jpg
26.068,"Star Trek Into Darkness",/7XrRkhMa9lQ71RszzSyVrJVvhyS.jpg
28.911,"Schindler's List",/c8Ass7acuOe4za6DhSattE359gr.jpg
21.71,"Con Air",/7PCCWBSparK5fquZtg9DMr8JIAm.jpg
25.312,Battleship,/9b0Im7SfedHiajTwzSL9zGyBI7M.jpg
19.107,"Lucky Number Slevin",/x21s3p5wPww534nYj1cWakTcqz4.jpg
23.656,"Chicken Run",/8XgmIsbpVamdhwcNVsYzohFZTtT.jpg
22.653,Gremlins,/72Y1X9pMSjXQ7mKB6pBEoMhL0OQ.jpg
28.353,"Treasure Planet",/zMKatZ0c0NCoKzfizaCzVUcbKMf.jpg
29.863,"Independence Day: Resurgence",/jzpvh0Ic7jL9GX4NLE1Tx2GUCrN.jpg
30.257,"Lost Bullet",/qnlChF8U4diiykXQYs1miigGy7t.jpg
26.574,"The Predator",/wMq9kQXTeQCHUZOG4fAe5cAxyUA.jpg
26.66,"Latte and the Magic Waterstone",/saxPKOrN6rNScTicLpBDZw58Cw.jpg
22.758,"London Has Fallen",/8LU2wXtdiAa06LS8OMIh3OssToY.jpg
25.017,"Looking for Richard",/2iEgEoMP1S2YWKkYkwm8cgg2bBN.jpg
27.195,Ghost,/w9RaPHov8oM5cnzeE27isnFMsvS.jpg
31.154,"We Are Your Friends",/k8SfiPoh3zUkDpHOT22ATegS2FU.jpg
23.696,"Minority Report",/5IrhHDVkKkE2rramdUAyej0RmWx.jpg
32.104,"Da 5 Bloods",/yx4cp1ljJMDSFeEex0Zjv45b55E.jpg
22.993,"The Road to El Dorado",/ryXm7xp4aqQyda0FU2eMfHehPBg.jpg
25.895,"The Twilight Saga: Eclipse",/sOpCY4by0bkEu9LbVXVCOpWWKzF.jpg
21.491,"Nosferatu the Vampyre",/tY8V57Sj1aZqVHrulpIoarkUVa8.jpg
23.889,"The Thing",/tzGY49kseSE9QAKk47uuDGwnSCu.jpg
26.494,"Hotel Transylvania 2",/kKFgwQnR5q08UFsAvtoYyTIiHyj.jpg
16.584,"Dracula Untold",/m5h3NtZ2ZfryIHl1MvatmANvIqQ.jpg
29.453,"Den of Thieves",/AfybH6GbGFw1F9bcETe2yu25mIE.jpg
24.734,"Charlie's Angels",/iHTmZs0BmkwMCYi8rhvMWC5G4EM.jpg
27.29,"The Hunger Games: Mockingjay - Part 2",/fsacCfyb7njkcP5ltXUZiZED7lP.jpg
22.18,"School of Rock",/rwAdo5ugCcPm17A99f4iPPNhuZK.jpg
35.219,"Banksy and the Rise of Outlaw Art",/vEoMgrVDHJ39KUt0QO7p5AYXRnS.jpg
22.081,"Lady Bird",/iySFtKLrWvVzXzlFj7x1zalxi5G.jpg
26.413,"Edward Scissorhands",/1RFIbuW9Z3eN9Oxw2KaQG5DfLmD.jpg
26.012,"Home Alone 2: Lost in New York",/uuitWHpJwxD1wruFl2nZHIb4UGN.jpg
25.963,"Chicken Little",/6C6zBg1dc7iZXwb1NP9Q4SiE8Cr.jpg
25.923,"Below Her Mouth",/nTGbq37hYLuNy7YgMg0gVLma0NS.jpg
20.211,"The Raid",/Abnm1Ws3JH0ReCfEhLMPwPcMcGO.jpg
21.363,"Grown Ups 2",/5vLeJchL3zosBj10CJP1h54xyBs.jpg
24.204,"One Flew Over the Cuckoo's Nest",/yMgm27NWJsNblsE6Y0px7NtUBl8.jpg
22.352,Daredevil,/oCDBwSkntYamuw8VJIxMRCtDBmi.jpg
24.596,Bambi,/wV9e2y4myJ4KMFsyFfWYcUOawyK.jpg
21.245,It,/9E2y5Q7WlCVNEhP5GiVTjhEhx1o.jpg
24.933,"A Whisker Away",/8Ga1CI4ZIIF8fxyfjZ5sNlb75e4.jpg
21.595,"Evil Dead",/1gDV0Lm9y8ufIKzyf0h0GBgb9Zj.jpg
22.341,Anastasia,/3qbAX0cltrlbCXpgMmuv0LLrfp8.jpg
19.214,Peppermint,/jrzxS0vcbzIIay1sdYm0rgI2QfJ.jpg
22.324,"The Drop",/pkOsCxsRmQZ0wWlYse5u6xDGfgW.jpg
26.482,Zodiac,/6YmeO4pB7XTh8P8F960O1uA14JO.jpg
26.189,"Escape Room",/8Ls1tZ6qjGzfGHjBB7ihOnf7f0b.jpg
23.331,"Ghost Rider: Spirit of Vengeance",/fDtIZXLNreDHk3mOskJYABrQNOQ.jpg
28.876,"Bad Boys II",/yCvB5fG5aEPqa1St7ihY6KEAsHD.jpg
24.63,RoboCop,/gM5ql3BKYmHG3WtZ0buKXN7xY8O.jpg
26.441,"I Feel Pretty",/rmP8b6vxbpK1sPinnUqXHKq0VkT.jpg
28.07,"The Exorcist",/4ucLGcXVVSVnsfkGtbLY4XAius8.jpg
29.772,"War of the Worlds",/6Biy7R9LfumYshur3YKhpj56MpB.jpg
21.67,Face/Off,/aYZDYdiMym5xEkSs4BrJMXFdZ9g.jpg
26.431,"War for the Planet of the Apes",/ijQHiImv16vNSeZQsmih04kwn0C.jpg
25.62,"Snow White and the Huntsman",/xUNnFwO7XfjvrQ2hFfIlPTwqzDk.jpg
24.602,Survivor,/npyCpfYyYknFoY2iJPyfqp70FVX.jpg
17.414,"National Lampoon's Christmas Vacation",/dm2KpvwzfyPduUK1yBATxPveSgd.jpg
28.149,"Triple Frontier",/aBw8zYuAljVM1FeK5bZKITPH8ZD.jpg
20.566,"Hellboy II: The Golden Army",/fGQAO4RgUzspO7L4u5KXirIn34s.jpg
24.814,Heat,/rrBuGu0Pjq7Y2BWSI6teGfZzviY.jpg
22.614,"Catch Me If You Can",/vG3YcgXuZABv7C8nd5bEyuMfyTQ.jpg
27.313,"Vampire Academy",/cJZpKgiFfjDZ6L5aOJvbmDhsGqY.jpg
24.558,"Jack Ryan: Shadow Recruit",/m7HcLUodrD4lM4s0Hui1tzO2pjO.jpg
31.664,Silence,/wO8XKAt3JUpdij27gIq6Maq4JMp.jpg
26.801,"Full Metal Jacket",/kMKyx1k8hWWscYFnPbnxxN4Eqo4.jpg
20.296,"Stand by Me",/vz0w9BSehcqjDcJOjRaCk7fgJe7.jpg
22.597,Snatch,/56mOJth6DJ6JhgoE2jtpilVqJO.jpg
30.001,"The Hobbit: The Desolation of Smaug",/hlN71UuzfrA6emagRGMpknQgkMP.jpg
28.596,"Shrek Forever After",/6HrfPZtKcGmX2tUWW3cnciZTaSD.jpg
19.292,"Batman & Robin",/bsg0mrxUKyJoL4oSGP5mlhEsqp.jpg
28.743,Bolt,/z9VHoUcZ1GiH3f3qYz7Me7Zc1Fd.jpg
18.842,"Ocean's Twelve",/v0ogdW7JfrssGTk2ugn0IS0kLVj.jpg
20.741,"District 9",/tuGlQkqLxnodDSk6mp5c2wvxUEd.jpg
27.45,"The Eagle Huntress",/x0dZQM1vmDmFrOa7JoRDOTdLb3Q.jpg
26.366,Overlord,/l76Rgp32z2UxjULApxGXAPpYdAP.jpg
20.889,"Finding Neverland",/smiaeB0cfwcGExjBuld58dx4lti.jpg
22.237,"American Wedding",/iQAHdYEQwHP5eTz2amOItX4WI5r.jpg
34.138,"Over the Hedge",/6qKM3Rl1tQgOFO1fMA7DAizWZ5n.jpg
29.352,"Death Wish",/g0eEEZAqMf98ULQnoiORuazjOpn.jpg
28.631,"Vanilla Sky",/cAh2pCiNPftsY3aSqJuIOde7uWr.jpg
20.58,"Pride & Prejudice",/sZEXhhnEKh9hjzoiIi9XgHGqtYm.jpg
22.793,"Let's Be Cops",/37ZmVFhZFh0JkdpzMXSQpofNRcq.jpg
25.822,"Strasbourg 1518",/lcfSrvuyrH5EeOKtdeyKellTshx.jpg
26.025,"Blade: Trinity",/iVJXYToSIU0OGCuQNhuGDzxayFO.jpg
28.329,"Feel the Beat",/Af2jt7m9GLFpR4V11xOsFmT8OKD.jpg
29.523,"Cars 2",/okIz1HyxeVOMzYwwHUjH2pHi74I.jpg
19.619,"Gone with the Wind",/7K5hvvoM2Of1fgEgUSveNE6DNe7.jpg
23.783,"The Dark Tower",/i9GUSgddIqrroubiLsvvMRYyRy0.jpg
23.519,"Ghost Rider",/1pyU94dAY7npDQCKuxCSyX9KthN.jpg
23.422,Homefront,/8Qqp1z72GDUDXcrkACNpheFpSor.jpg
25.424,Ghostbusters,/l5I1r1QKZStgFYS1tM9bOTym6pd.jpg
19.459,"The Players",/nCATbnGxYI271PyDPVjzbpm2sxD.jpg
15.442,"Silent Night, Deadly Night",/bzv0JO75bqQXtvduVxYPplLwMsj.jpg
24.673,Jexi,/pdYhXJPoV0Kvwdih74lejHPTyWL.jpg
24.359,"The ComDads",/48dTSPJG5FTuCwZPkIwqs8Y5quy.jpg
27.13,"The Empire Strikes Back",/7BuH8itoSrLExs2YZSsM01Qk2no.jpg
25.354,"Crouching Tiger, Hidden Dragon",/tKqJ6yWtOnTbiA2uzac2gejDqpI.jpg
23.101,"Teenage Mutant Ninja Turtles",/jKi5Q1kd6azoGI6hUJh0p0RxSmu.jpg
35.917,"The Blues Brothers",/3DiSrcYELCLkwnjl9EZp2pkKGep.jpg
23.645,"Fist of Fury",/mqhooEqZvo7eJoLsTstXbxbsG63.jpg
26.445,"Mars Attacks!",/hll4O5vSAfnZDb6JbnP06GPtz7b.jpg
26.743,Highlander,/8Z8dptJEypuLoOQro1WugD855YE.jpg
28.795,"Dear John",/guSvICQojnbrWKQCACI451ZS342.jpg
24.452,"Star Trek Beyond",/yOnd3XQIg7JBmu0UuBjZyLdsxQD.jpg
24.394,Home,/b7czgMTk5txqLr2UczBb0Wez77E.jpg
23.686,Tarzan,/urlu2XhSCA8gQypBJmc1nsRQz1Y.jpg
23.781,"Wrong Turn",/b9X0RpdrJQ8raPFYA1irfdRQBOs.jpg
27.09,Ballerina,/qBxMhcmNnFniuDAZTKEHcSgKtsn.jpg
29.435,"The Revenant",/tSaBkriE7TpbjFoQUFXuikoz0dF.jpg
20.527,"Silent Hill",/odpKW2KL9PgSD6i1uldDoaR2f40.jpg
19.727,"Death Race",/5A79GeOb3uChQ0l0ZDjDyODKQp3.jpg
18.973,Shooter,/fSpxlya2TQ4zXEcTdmN3bjtiSZJ.jpg
22.469,"Some Like It Hot",/hVIKyTK13AvOGv7ICmJjK44DTzp.jpg
26.022,"Pitch Perfect",/ntRIoh8Qf1BI1AYGx0STfq0wUmb.jpg
22.716,"Dumb and Dumber",/4LdpBXiCyGKkR8FGHgjKlphrfUc.jpg
23.197,"The Way Back",/ylPnfaphW3FrLBUVwAREVtiL9My.jpg
23.785,"Isle of Dogs",/c0nUX6Q1ZB0P2t1Jo6EeFSVnOGQ.jpg
25.425,"The Addams Family",/q1epO0eO8DWu8Vo8tPfvVlzW48T.jpg
29.664,Trainspotting,/6UTzw3kipgTYAJCX8GExoXzcVOx.jpg
23.363,Fargo,/kKpORM0G7xDvJGQiXpQ0wUp9Dwo.jpg
19.013,"Rocky Balboa",/byBlJvZwCqgtIwrZNv0pyE974jC.jpg
35.563,"The Equalizer 2",/cQvc9N6JiMVKqol3wcYrGshsIdZ.jpg
19.761,"28 Days Later",/sQckQRt17VaWbo39GIu0TMOiszq.jpg
21.012,"The World's End",/4kVaISfvFW8bNcPhtaYR0iRalFT.jpg
25.405,Speed,/Apu3Ecg11bIEEiKLnbhagGtWNg7.jpg
20.705,"City of God",/4YEX7qUfg6kN2tHm84CMt2CEq9n.jpg
28.712,"The Good Dinosaur",/dM50iVbcnzQUIoc9TmUUk0SP4P4.jpg
20.105,"Blood Diamond",/m6rZ3dmqjcTvVNKtqwQ6hxYQ9nk.jpg
19.503,"Jerry Maguire",/2FJFChUeEgYpCvsLfAMXjcFtFOy.jpg
23.853,"Black Hawk Down",/7fU5dSqKRL4XHeEUz62rCKBfYok.jpg
25.156,"Ex Machina",/9goPE2IoMIXxTLWzl7aizwuIiLh.jpg
26.501,"Rise of the Planet of the Apes",/cjLsuP75UDlRdJVMXzXg3TJ4umX.jpg
20.849,"Kingdom of Heaven",/3fQJxq26GU9a4dCQywZ6r8vgYKS.jpg
19.755,Everest,/4xmndWnTYTE4bDdlWrkZyaGcZlo.jpg
24.546,"Sinbad: Legend of the Seven Seas",/yiW2L1fDiBT7AeWXrykhTNtPrr8.jpg
26.048,"Better Living Through Chemistry",/zxkIabA9FJbfhuaVgsvytRLxFWY.jpg
24.222,"Suicide Squad",/xFw9RXKZDvevAGocgBK0zteto4U.jpg
20.492,"The Patriot",/fWZd815QxUCUcrWQZwUkAp9ljG.jpg
21.942,"10 Things I Hate About You",/ujERk3aKABXU3NDXOAxEQYTHe9A.jpg
27.14,"Girls Just Want to Have Fun",/1N0u4FEvhy8aCwr5bhQ4VmllTZF.jpg
25.196,"47 Ronin",/xDHnmcroujCRG0ysYQaiswjbyHd.jpg
29.211,Skyscraper,/5LYSsOPzuP13201qSzMjNxi8FxN.jpg
20.741,Surrogates,/v3Z0Hbl0oe57njrrIPh0fJPFoo.jpg
35.34,"Red Heat",/w5YExpX5rP5KtvY2HUZxwtMtZHV.jpg
22.139,"The Mechanic",/fDAEJr4WLZLJQmckA2JZNICt0u3.jpg
19.607,"Ang Pangarap Kong Holdap",/AherdijhNWqxJNRpmGFJsFxrq59.jpg
17.511,"The High Note",/olXqJfzGgRHge9T0ZQRJr5dvqb5.jpg
22.682,Platoon,/m3mmFkPQKvPZq5exmh0bDuXlD9T.jpg
24.533,"The Pianist",/3DzePKMbLMIM636S6syCy3cLPqj.jpg
25.532,"Deuce Bigalow: Male Gigolo",/1ETiPu6Nfn6X7wlDP5yip84n8cX.jpg
27.338,"Kingsman: The Secret Service",/ay7xwXn1G9fzX9TUBlkGA584rGi.jpg
23.43,Pocahontas,/kZ1ft0QZ4e3zDUPMBftEkwI9ftd.jpg
21.53,"Brokeback Mountain",/1A2EU80gL5KXXjjcUZZt8UI4Zot.jpg
20.679,"Shaun of the Dead",/nqiAoFnrmxREOXzeTy12L9OlsI9.jpg
23.476,"Beverly Hills Cop II",/2QiIvtVltUJPKyx5qP2hAtVcjey.jpg
27.126,"The Aristocats",/pXHpNfsZXX50vCb7Z39coEJCIka.jpg
19.924,Collateral,/iOpi3ut5DhQIbrVVjlnmfy2U7dI.jpg
22.722,"From Dusk Till Dawn",/sV3kIAmvJ9tPz4Lq5fuf9LLMxte.jpg
27.07,"Star Wars: Episode III - Revenge of the Sith",/xfSAoBEm9MNBjmlNcDYLvLSMlnq.jpg
31.775,"Monsters University",/y7thwJ7z5Bplv6vwl6RI0yteaDD.jpg
24.501,"The Highwaymen",/4bRYg4l12yDuJvAfqvUOPnBrxno.jpg
24.716,"Home Alone 3",/uDJz1HYBCUcHCJNG8eCEhWz6oFr.jpg
23.536,"Sicario: Day of the Soldado",/msqWSQkU403cQKjQHnWLnugv7EY.jpg
30.338,"Run All Night",/frzdzHceByAIlwVKvSvY9zqpjyV.jpg
22.912,"Castle in the Sky",/npOnzAbLh6VOIu3naU5QaEcTepo.jpg
20.711,"Demolition Man",/49GjSZn9FnSnrRFmsA4x5WAj8oB.jpg
21.913,"Sweeney Todd: The Demon Barber of Fleet Street",/gAW4J1bkRjZKmFsJsIiOBASeoAp.jpg
23.337,Radioactive,/akHIQu8W3rOgT28r25ggXaKcQIr.jpg
21.179,"The Vast of Night",/suORidtGKPO6tWwNqiwGvNo85z3.jpg
17.302,"The Truth",/ek5EWMRFIHXPB43axZcyJr2NBrJ.jpg
17.517,"The Lobster",/vQ6NifiuDJ1HuFH04stzVojo3T.jpg
21.461,"Olympus Has Fallen",/gKnx04MxnKcf5uOdhHhAAkqcCg.jpg
25.857,"The Passion of the Christ",/4l9LCSOfEJ0vSY9D6kpH2OVfk0j.jpg
22.31,"A Beautiful Day in the Neighborhood",/p9vCAVhDK375XyobVcKqzqzsUHE.jpg
19.895,Adú,/kFen11ZNKbvfhZo8WBKbC5te8Hi.jpg
19.402,"The Longest Yard",/nbKcVBcxF96ARW2oKHqDYAcLdu.jpg
21.75,Halloween,/yzVhqSi3XkEQOovR4yy2lVTZiQO.jpg
18.201,"Saw III",/dfl7ti4ataetiyoOg3SI0FA9KeP.jpg
23.752,Snitch,/unjVtbWDWIQvVUeiPUTzyykQiVF.jpg
16.998,"Shoot the Piano Player",/fjhS1CFCh7mUVy591hHTncRL1v3.jpg
22.4,"Terminator Salvation",/gw6JhlekZgtKUFlDTezq3j5JEPK.jpg
24.248,"Pan's Labyrinth",/7PurMm0gUOJZ8Uk0oyuZlt1CKfJ.jpg
24.933,"Power Rangers",/iRAZIEgfB9N0BObV0QI61Nxh92h.jpg
20.34,"Digimon Adventure: Last Evolution Kizuna",/rElHXdBX2ou2ju1Be3QiuOJrplb.jpg
34.857,"Wild Card",/zN80Tlly8oMpKbVJv2TfRIj8dHG.jpg
20.593,"The Chronicles of Narnia: The Voyage of the Dawn Treader",/pP27zlm9yeKrCeDZLFLP2HKELot.jpg
22.639,Constantine,/vPYgvd2MwHlxTamAOjwVQp4qs1W.jpg
23.471,Pinocchio,/4w1ItwCJCTtSi9nPfJC1vU6NIVg.jpg
26.286,"Ghostbusters II",/yObYPMA58DnTMvJooFW7GG6jWAt.jpg
26.028,"The Interview",/xceBsRlxAfMep9RNYMW5iKGt4zN.jpg
26.183,Goldfinger,/kkZyqklVV988llIvyK9tdjUyEAr.jpg
32.036,"Texas Chainsaw 3D",/dwIQ7WDCSiIcNdbferTcU7uI0KV.jpg
19.731,"Conan the Barbarian",/qw2A587Ee61IwcSOLNFRhuOACZZ.jpg
26.136,"Total Recall",/fucmGeZYM4yzqJUnDTc4pKQNCej.jpg
21.233,"Assault on Wall Street",/4dm5XEXIT73aB0g1nrplwYguaU9.jpg
25.394,"Star Wars: Episode II - Attack of the Clones",/oZNPzxqM2s5DyVWab09NTQScDQt.jpg
23.638,"The Magnificent Seven",/ezcS78TIjgr85pVdaPDd2rSPVNs.jpg
23.927,Watchmen,/aZvOkdo203bm1kpcY0A0Tn074ER.jpg
18.474,"The Wizard of Oz",/pfAZFD7I2hxW9HCChTuAzsdE6UX.jpg
20.805,"Richard Jewell",/5Lgkm8jt4roAFPZQ52fKMhVmDaZ.jpg
17.724,"Jimmy Neutron: Boy Genius",/zdOVbZk53CiCtgcC4UOSSEFvf5U.jpg
21.222,"Lawrence of Arabia",/vOEbimiBaTQr9SDFfDHHWCZdZK2.jpg
22.175,"A Good Day to Die Hard",/9Zq88w35f1PpM22TIbf2amtjHD6.jpg
20.822,"Night at the Museum",/uY9k8t2FQkMj60obnAnsPKLxHCE.jpg
19.221,"A.I. Artificial Intelligence",/wnUAcUrMRGPPZUDroLeZhSjLkuu.jpg
28.021,Pinocchio,/1nCzeRj75ygXIG8r63TbkfeqM9x.jpg
23.92,Superman,/9Dz1AAJYZea6u0el4gn8nJDWyTt.jpg
17.006,"Batman vs. Teenage Mutant Ninja Turtles",/yP3h0Pu8htyb9450mWJ9Vu1rU.jpg
27.226,"The Fate of the Furious",/dImWM7GJqryWJO9LHa3XQ8DD5NH.jpg
20.476,"Straight Outta Compton",/9B63hMwU6iICtNDTISCaZQ5US7R.jpg
19.171,"Tinker Tailor Soldier Spy",/bsL9UZPCmQKgl88wXwMulKuw9Jh.jpg
22.921,"The Secret World of Arrietty",/xGz75oFXt4OmFgvQ7kVjaPboRJr.jpg
23.674,"Get Hard",/rJPbS2cYOYhDCjT5NmW1Fm6gFl3.jpg
28.558,"The Secret Life of Pets 2",/nYcaCNkB4EgVyvrXxxbklefDrGL.jpg
21.679,"American Assassin",/w6vjeHx3UEaBXIyc8VFqyZYKznD.jpg
19.413,"The Big Boss",/5rrvonvaiCcxN6ZnrKEoJYl6Yrx.jpg
28.152,"Black Widow",/uAUCHOYwFKQvSRZByP8rCgWKwT.jpg
30.613,"8 Mile",/7BmQj8qE1FLuLTf7Xjf9sdIHzoa.jpg
17.652,Ma,/6n7ASmQ1wY2cxTubFFGlcvPpyk7.jpg
29.43,"Dark Waters",/hJ6YEbrjFvToa5c7IiUqILoB6Je.jpg
17.205,"Austin Powers: The Spy Who Shagged Me",/f2ohIBEbc3eERyU5pgSknm8DqUj.jpg
21.115,"Alice Through the Looking Glass",/uGsjYHPZ0NbI7GHrHlq98D4kFYB.jpg
19.558,"Escape Plan",/zdnChkdppJjXl8lvwRz8vn6cs2s.jpg
21.484,"The Wolf's Call",/8bxIzp9w9l9ZzGVwNaIKOaem05A.jpg
19.304,"Sucker Punch",/8oBc33JEnYm3rqPIwGtQXQbP96j.jpg
22.553,"Transporter 3",/o4w9VF3GRZuXe9NHHvZ07pJespl.jpg
21.201,GoldenEye,/z0ljRnNxIO7CRBhLEO0DvLgAFPR.jpg
23.757,"Guns Akimbo",/2kNnf7BwRCEm4bcFkdiE0T4U25s.jpg
23.848,"Raging Bull",/snwFkbVGnRX9dcswxDPSBBEsN9r.jpg
19.045,"Finding Dory",/3UVe8NL1E2ZdUZ9EDlKGJY5UzE.jpg
28.394,"A View to a Kill",/ieMTbSdYJJ7RZIW0X02NbwIAxMl.jpg
22.394,"The World Is Not Enough",/bc1MIdWr8Y9RsfD9Qq7932prh5v.jpg
20.893,"Ace Ventura: Pet Detective",/pqiRuETmuSybfnVZ7qyeoXhQyN1.jpg
17.693,"L.A. Confidential",/6w1tl5bvnMVc8qenSwqUPFF4MKr.jpg
19.647,"RED 2",/lLHG95wZ2y5izASvAkgmlWi7KAJ.jpg
22.141,"Starship Troopers",/cxCmv23O7p3hyHwqoktHYkZcGsY.jpg
20.741,"Kill Bill: Vol. 2",/2yhg0mZQMhDyvUQ4rG1IZ4oIA8L.jpg
16.767,"Final Transit",/5S07YRNAT8VH6nH1uPQ2ZgdSDdz.jpg
21.412,"The House with a Clock in Its Walls",/qM66Hv4ByAxnilr0jaqCA9uOD4Y.jpg
18.837,"The 40 Year Old Virgin",/og0K9l7xks07EvBqCGpUomGEqVe.jpg
19.136,"Saw IV",/w34GgwSQfMEnYscBhU01bIr7oFC.jpg
19.839,Rush,/uWcMgxO3p3qwVFUxsRz1HbTzGvT.jpg
19.638,"Rise of the Guardians",/kUBkmlWriPbNMijL2m3LtmPYPTb.jpg
20.565,"A Walk Among the Tombstones",/bQTHTZezSudf27mMQtedHf1XpgO.jpg
24.949,"Love, Simon",/5YUYg5q7QfC4IoNwNUtiwdiYKPr.jpg
19.779,"Groundhog Day",/gCgt1WARPZaXnq523ySQEUKinCs.jpg
19.152,"Unfriended: Dark Web",/nOXuOeD07nZPT29IgiGT0S8PZH.jpg
23.226,Equilibrium,/vO0SyoE0D0LYX1hFxu60VnjC5zY.jpg
28.076,"Perfect Blue",/79vujbsWEbX4dzffBV541QXN6sf.jpg
16.874,"The Karate Kid",/1mp4ViklKvA0WXXsNvNx0RBuiit.jpg
21.372,Commando,/ggVVcXvlLqFOK6lEkD8G2aDarDb.jpg
22.032,"The Conjuring 2",/zEqyD0SBt6HL7W9JQoWwtd5Do1T.jpg
20.768,"Cloudy with a Chance of Meatballs",/qhOhIKf7QEyQ5dMrRUqs5eTX1Oq.jpg
19.567,"The Princess and the Frog",/yprv5PbnEksoVj2v6XEnDBg9joR.jpg
23.312,"Dirty Dancing",/dvEggyDTTIBDvrUNjTEa9depT0f.jpg
21.296,Buffaloed,/h37VMJAm4EhKC3k6I6K20VHaSQe.jpg
20.164,"Gran Torino",/w3zz8djZKknVpkpHi0I7kqibzbC.jpg
22.061,"Basic Instinct",/76Ts0yoHk8kVQj9MMnoMixhRWoh.jpg
20.111,"Ferris Bueller's Day Off",/qAk5wem526xJfLqEcMpMEftHgMp.jpg
23.263,"Dumb and Dumber To",/mktwkMjmoR83eXNakk0M2nh1cty.jpg
24.51,"Pearl Harbor",/ftkKVbk4sQEcekuaGJvpvXcNs32.jpg
23.01,"No Country for Old Men",/6d5XOczc226jECq0LIX0siKtgHR.jpg
25.045,"The Perfect Date",/m5LqnnkN09124CSE8yGskeCv3kb.jpg
14.66,Sakura,
22.339,"The Curse of La Llorona",/jhZlXSnFUpNiLAek9EkPrtLEWQI.jpg
19.601,"Pretty Woman",/hMVMMy1yDUvdufpTl8J8KKNYaZX.jpg
16.851,Hugo,/vDAhBTIHvIoNOlgCfmLirVgUK2p.jpg
26.797,"The Island",/qU9dDBfGTfSEPTkBIrUaCU2Rwu4.jpg
20.897,"Barbie in The 12 Dancing Princesses",/opxyzBkB44ubRRyhdrvkoUFWuIj.jpg
22.449,"Bridge of Spies",/bORlvwnVJE1Z6yIg96qnLLY3LJQ.jpg
20.191,"Me, Myself & Irene",/rvRrcbLbpn7UJGRH1JupgHOeJFq.jpg
30.44,"Ocean's Eleven",/v5D7K4EHuQHFSjveq8LGxdSfrGS.jpg
17.764,"All the Bright Places",/4SafxuMKQiw4reBiWKVZJpJn80I.jpg
22.089,"Scary Movie 2",/7Eb1JWK0Cb0rbfsYjwfc9g0PbQH.jpg
22.591,"The Expendables 2",/6BxsfzRVjyt3D3KAyz3xgYKBxf7.jpg
18.238,"Children of Men",/6GnBsOIi1t4aGuLh3NF9TfU8u37.jpg
19.484,"Meet Joe Black",/fDPAjvfPMomkKF7cMRmL5Anak61.jpg
22.587,"Wrong Turn 5: Bloodlines",/i9prGtsGbWzaH30bp8TXPEs6QGm.jpg
16.631,"Natural Born Killers",/piMSvnVfa3KEvmQibNoFGiQdvX9.jpg
22.594,Mortdecai,/epp9ht8b0V5d1O44onr96FPLzBw.jpg
27.731,"The Iron Giant",/dUFiLEEuTZyUiQrN6oYMbMtDaXD.jpg
22.134,Dredd,/wLx65gtGVnUFCxceHWGszcruCZj.jpg
25.407,"Green Book",/7BsvSuDQuoqhWmU2fL7W2GOcZHU.jpg
22.163,"Hotel Mumbai",/v32SC4HFZtlDRWXMaR2V2dWqAXJ.jpg
19.534,"The Huntsman: Winter's War",/cjAGYsTPmmhZOwzrgon0Drpu43K.jpg
23.287,"Untitled Universal Event Film (Nov 2020)",
23.283,"Ice Age: Collision Course",/1VCRVaBObV3ZLDuuYQHCs87NBmi.jpg
19.723,"Sin City",/lLLO6FOidztrSMh5rF5wTuEqTBG.jpg
21.226,"About Time",/ls6zswrOZVhCXQBh96DlbnLBajM.jpg
18.67,Capone,/75gDv38UgRtAukSxNXcjatyQmEa.jpg
18.736,"I, Tonya",/6gNXwSHxaksR1PjVZRqNapmkgj3.jpg
22.467,"The Nightmare Before Christmas",/e4pZZR1SZByveyWczQBmiXJ0lXP.jpg
22.025,"The Last Witch Hunter",/qXvOpA2nhK5HQ6I95sN3nnMtfjH.jpg
18.766,"The Last of the Mohicans",/fYVQRcgnOv998bKEplzrD3faGgt.jpg
21.523,Spy,/vPBmfMHxQvRRNGYD5S5ko2KnX56.jpg
24.006,"Molly: An American Girl on the Home Front",/2pnnRadfln0sIRUM8LlEg2aBfe7.jpg
24.213,"Airplane Mode",/kNDFTt8O6g7LhIFo1mwlezTTXme.jpg
22.533,"The Railway Children",/oOUhkEhrCeHRldgqZmYZEH8DsTN.jpg
20.565,"Max Payne",/gtNG3FsLhshbGDf0ybTQKNbyZV7.jpg
22.862,"Operation Condor",/dxdFXfgoQB4ABAz2qmHq64GkVh1.jpg
20.462,"For a Few Dollars More",/3yv5WcpTqzIq8FsoVUs4pvFqk9j.jpg
22.342,"A Hidden Life",/eSpfKXBLMUr8iViLiBFub9OQxfq.jpg
21.934,BlacKkKlansman,/8jxqAvSDoneSKRczaK8v9X5gqBp.jpg
21.261,Antz,/qzUPrCu0nvjrRQiL8nFVHdsREug.jpg
20.059,"The Parent Trap",/a3XOGrrAjl1wwiumtACWBufg6AL.jpg
25.875,"Maze Runner: The Death Cure",/2zYfzA3TBwrMC8tfFbpiTLODde0.jpg
15.092,"Above Suspicion",/kd1sNNbHuMtLGOWWAJAyZlDi1c7.jpg
25.102,Stuber,/klkFYDZOetegK8floj6IjvbzzQ2.jpg
